1,"Toyota","Highlander",2007,"6966"
2,"Toyota","Highlander",2008,"6966"
3,"Toyota","Highlander",2009,"6966"
4,"Toyota","Highlander",2010,"6966"
5,"Toyota","Highlander",2007,"6967"
6,"Toyota","Tacoma",2007,"7103"
7,"Toyota","Tacoma",2008,"7103"
8,"Toyota","Tacoma",2009,"7103"
9,"Toyota","Tacoma",2010,"7103"
10,"Toyota","Tacoma",2007,"7104"
11,"Toyota","Tacoma",2008,"7104"
12,"Toyota","Tacoma",2009,"7104"
13,"Toyota","Tacoma",2010,"7104"
14,"Toyota","Tacoma",2007,"7113"
15,"Toyota","Tacoma",2008,"7113"
16,"Toyota","Tacoma",2009,"7113"
17,"Toyota","Tacoma",2010,"7113"
18,"Toyota","Tacoma",2007,"7114"
19,"Toyota","Tacoma",2008,"7114"
20,"Toyota","Tacoma",2009,"7114"
21,"Toyota","Tacoma",2010,"7114"
22,"Toyota","Tacoma",2007,"7131"
23,"Toyota","Tacoma",2008,"7131"
24,"Toyota","Tacoma",2009,"7131"
25,"Toyota","Tacoma",2010,"7131"
26,"Toyota","Tacoma",2007,"7153"
27,"Toyota","Tacoma",2008,"7153"
28,"Toyota","Tacoma",2009,"7153"
29,"Toyota","Tacoma",2010,"7153"
30,"Toyota","Tacoma",2007,"7161"
31,"Toyota","Tacoma",2008,"7161"
32,"Toyota","Tacoma",2009,"7161"
33,"Toyota","Tacoma",2010,"7161"
34,"Toyota","Tacoma",2007,"7163"
35,"Toyota","Tacoma",2008,"7163"
36,"Toyota","Tacoma",2009,"7163"
37,"Toyota","Tacoma",2010,"7163"
38,"Toyota","Tacoma",2007,"7164"
39,"Toyota","Tacoma",2008,"7164"
40,"Toyota","Tacoma",2009,"7164"
41,"Toyota","Tacoma",2010,"7164"
42,"Toyota","Tacoma",2007,"7188"
43,"Toyota","Tacoma",2008,"7188"
44,"Toyota","Tacoma",2009,"7188"
45,"Toyota","Tacoma",2010,"7188"
46,"Toyota","Tacoma",2007,"7190"
47,"Toyota","Tacoma",2008,"7190"
48,"Toyota","Tacoma",2009,"7190"
49,"Toyota","Tacoma",2010,"7190"
50,"Toyota","Tacoma",2007,"7503"
51,"Toyota","Tacoma",2008,"7503"
52,"Toyota","Tacoma",2009,"7503"
53,"Toyota","Tacoma",2010,"7503"
54,"Toyota","Tacoma",2007,"7513"
55,"Toyota","Tacoma",2008,"7513"
56,"Toyota","Tacoma",2009,"7513"
57,"Toyota","Tacoma",2010,"7513"
58,"Toyota","Tacoma",2007,"7553"
59,"Toyota","Tacoma",2008,"7553"
60,"Toyota","Tacoma",2009,"7553"
61,"Toyota","Tacoma",2010,"7553"
62,"Toyota","Tacoma",2007,"7554"
63,"Toyota","Tacoma",2008,"7554"
64,"Toyota","Tacoma",2009,"7554"
65,"Toyota","Tacoma",2010,"7554"
66,"Toyota","Tacoma",2007,"7593"
67,"Toyota","Tacoma",2008,"7593"
68,"Toyota","Tacoma",2009,"7593"
69,"Toyota","Tacoma",2010,"7593"
70,"Toyota","Tacoma",2007,"7594"
71,"Toyota","Tacoma",2008,"7594"
72,"Toyota","Tacoma",2009,"7594"
73,"Toyota","Tacoma",2010,"7594"
74,"Toyota","Tacoma",2007,"7596"
75,"Toyota","Tacoma",2008,"7596"
76,"Toyota","Tacoma",2009,"7596"
77,"Toyota","Tacoma",2010,"7596"
78,"Toyota","Sequoia",2007,"7910"
79,"Toyota","Sequoia",2007,"7914"
80,"Toyota","Sequoia",2008,"7916"
81,"Toyota","Sequoia",2009,"7916"
82,"Toyota","Sequoia",2010,"7916"
83,"Toyota","Sequoia",2008,"7917"
84,"Toyota","Sequoia",2009,"7917"
85,"Toyota","Sequoia",2010,"7917"
86,"Toyota","Sequoia",2008,"7918"
87,"Toyota","Sequoia",2009,"7918"
88,"Toyota","Sequoia",2010,"7918"
89,"Toyota","Sequoia",2008,"7919"
90,"Toyota","Sequoia",2009,"7919"
91,"Toyota","Sequoia",2010,"7919"
92,"Toyota","Sequoia",2007,"7920"
93,"Toyota","Sequoia",2007,"7924"
94,"Toyota","Sequoia",2008,"7927"
95,"Toyota","Sequoia",2009,"7927"
96,"Toyota","Sequoia",2010,"7927"
97,"Toyota","Sequoia",2008,"7929"
98,"Toyota","Sequoia",2009,"7929"
99,"Toyota","Sequoia",2010,"7929"
100,"Toyota","Sequoia",2008,"7931"
101,"Toyota","Sequoia",2009,"7931"
102,"Toyota","Sequoia",2010,"7931"
103,"Toyota","Sequoia",2008,"7933"
104,"Toyota","Sequoia",2009,"7933"
105,"Toyota","Sequoia",2010,"7933"
106,"Toyota","Sequoia",2009,"7940"
107,"Toyota","Sequoia",2010,"7940"
108,"Toyota","Sequoia",2009,"7942"
109,"Toyota","Sequoia",2010,"7942"
110,"Toyota","Sequoia",2009,"7944"
111,"Toyota","Sequoia",2010,"7944"
112,"Toyota","Tundra",2007,"8202"
113,"Toyota","Tundra",2008,"8202"
114,"Toyota","Tundra",2009,"8202"
115,"Toyota","Tundra",2010,"8202"
116,"Toyota","Tundra",2007,"8204"
117,"Toyota","Tundra",2008,"8204"
118,"Toyota","Tundra",2009,"8204"
119,"Toyota","Tundra",2010,"8204"
120,"Toyota","Tundra",2008,"8215"
121,"Toyota","Tundra",2009,"8215"
122,"Toyota","Tundra",2010,"8215"
123,"Toyota","Tundra",2007,"8216"
124,"Toyota","Tundra",2008,"8216"
125,"Toyota","Tundra",2009,"8216"
126,"Toyota","Tundra",2010,"8216"
127,"Toyota","Tundra",2007,"8222"
128,"Toyota","Tundra",2008,"8222"
129,"Toyota","Tundra",2009,"8222"
130,"Toyota","Tundra",2010,"8222"
131,"Toyota","Tundra",2007,"8224"
132,"Toyota","Tundra",2008,"8224"
133,"Toyota","Tundra",2009,"8224"
134,"Toyota","Tundra",2010,"8224"
135,"Toyota","Tundra",2007,"8226"
136,"Toyota","Tundra",2008,"8226"
137,"Toyota","Tundra",2009,"8226"
138,"Toyota","Tundra",2010,"8226"
139,"Toyota","Tundra",2007,"8228"
140,"Toyota","Tundra",2008,"8228"
141,"Toyota","Tundra",2009,"8228"
142,"Toyota","Tundra",2010,"8228"
143,"Toyota","Tundra",2008,"8239"
144,"Toyota","Tundra",2009,"8239"
145,"Toyota","Tundra",2010,"8239"
146,"Toyota","Tundra",2007,"8240"
147,"Toyota","Tundra",2008,"8240"
148,"Toyota","Tundra",2009,"8240"
149,"Toyota","Tundra",2010,"8240"
150,"Toyota","Tundra",2008,"8241"
151,"Toyota","Tundra",2009,"8241"
152,"Toyota","Tundra",2010,"8241"
153,"Toyota","Tundra",2007,"8242"
154,"Toyota","Tundra",2008,"8242"
155,"Toyota","Tundra",2009,"8242"
156,"Toyota","Tundra",2010,"8242"
157,"Toyota","Tundra",2008,"8243"
158,"Toyota","Tundra",2009,"8243"
159,"Toyota","Tundra",2010,"8243"
160,"Toyota","Tundra",2007,"8244"
161,"Toyota","Tundra",2008,"8244"
162,"Toyota","Inactive",2009,"8244"
163,"Toyota","Tundra",2008,"8245"
164,"Toyota","Tundra",2009,"8245"
165,"Toyota","Tundra",2010,"8245"
166,"Toyota","Tundra",2007,"8246"
167,"Toyota","Tundra",2008,"8246"
168,"Toyota","Inactive",2009,"8246"
169,"Toyota","Tundra",2007,"8250"
170,"Toyota","Tundra",2008,"8250"
171,"Toyota","Inactive",2009,"8250"
172,"Toyota","Tundra",2010,"8250"
173,"Toyota","Tundra",2007,"8252"
174,"Toyota","Tundra",2008,"8252"
175,"Toyota","Tundra",2009,"8252"
176,"Toyota","Tundra",2010,"8252"
177,"Toyota","Tundra",2008,"8259"
178,"Toyota","Tundra",2009,"8259"
179,"Toyota","Tundra",2010,"8259"
180,"Toyota","Tundra",2007,"8260"
181,"Toyota","Tundra",2008,"8260"
182,"Toyota","Tundra",2009,"8260"
183,"Toyota","Tundra",2010,"8260"
184,"Toyota","Tundra",2008,"8261"
185,"Toyota","Tundra",2009,"8261"
186,"Toyota","Tundra",2010,"8261"
187,"Toyota","Tundra",2007,"8262"
188,"Toyota","Tundra",2008,"8262"
189,"Toyota","Tundra",2009,"8262"
190,"Toyota","Tundra",2010,"8262"
191,"Toyota","Tundra",2007,"8270"
192,"Toyota","Tundra",2008,"8270"
193,"Toyota","Inactive",2009,"8270"
194,"Toyota","Tundra",2010,"8270"
195,"Toyota","Tundra",2007,"8272"
196,"Toyota","Tundra",2008,"8272"
197,"Toyota","Tundra",2009,"8272"
198,"Toyota","Tundra",2010,"8272"
199,"Toyota","Tundra",2007,"8322"
200,"Toyota","Tundra",2008,"8322"
201,"Toyota","Tundra",2009,"8322"
202,"Toyota","Tundra",2010,"8322"
203,"Toyota","Tundra",2009,"8323"
204,"Toyota","Tundra",2010,"8323"
205,"Toyota","Tundra",2007,"8324"
206,"Toyota","Tundra",2008,"8324"
207,"Toyota","Tundra",2009,"8324"
208,"Toyota","Tundra",2010,"8324"
209,"Toyota","Tundra",2007,"8326"
210,"Toyota","Tundra",2008,"8326"
211,"Toyota","Tundra",2009,"8326"
212,"Toyota","Tundra",2010,"8326"
213,"Toyota","Tundra",2009,"8327"
214,"Toyota","Tundra",2010,"8327"
215,"Toyota","Sienna",2011,"5335"
216,"Toyota","Sienna",2011,"5345"
217,"Toyota","Tacoma",2011,"7103"
218,"Toyota","Tacoma",2011,"7104"
219,"Toyota","Tacoma",2011,"7113"
220,"Toyota","Tacoma",2011,"7114"
221,"Toyota","Tacoma",2011,"7153"
222,"Toyota","Tacoma",2011,"7162"
223,"Toyota","Tacoma",2011,"7164"
224,"Toyota","Tacoma",2011,"7182"
225,"Toyota","Tacoma",2011,"7186"
226,"Toyota","Tacoma",2011,"7188"
227,"Toyota","Tacoma",2011,"7190"
228,"Toyota","Tacoma",2011,"7503"
229,"Toyota","Tacoma",2011,"7504"
230,"Toyota","Tacoma",2011,"7513"
231,"Toyota","Tacoma",2011,"7514"
232,"Toyota","Tacoma",2011,"7553"
233,"Toyota","Tacoma",2011,"7554"
234,"Toyota","Tacoma",2011,"7593"
235,"Toyota","Tacoma",2011,"7594"
236,"Toyota","Tacoma",2011,"7596"
237,"Lexus","GS",2011,"9300"
238,"Lexus","GS",2011,"9306"
239,"Lexus","GS",2011,"9320"
240,"Lexus","GS Hybrid",2011,"9340"
241,"Lexus","RX",2011,"9424"
242,"Lexus","IS",2011,"9521"
243,"Lexus","IS",2011,"9522"
244,"Lexus","IS",2011,"9530"
245,"Toyota","4Runner",2011,"8642"
246,"Toyota","4Runner",2011,"8648"
247,"Toyota","4Runner",2011,"8664"
248,"Toyota","4Runner",2011,"8668"
249,"Toyota","4Runner",2011,"8670"
250,"Lexus","ES",2011,"9000"
251,"Lexus","IS",2011,"9501"
252,"Toyota","Yaris",2011,"1421"
253,"Toyota","Venza",2011,"2810"
254,"Toyota","Venza",2011,"2812"
255,"Toyota","Venza",2011,"2820"
256,"Toyota","Venza",2011,"2822"
257,"Toyota","Matrix",2011,"1938"
258,"Toyota","Camry Hybrid",2012,"2559"
259,"Toyota","Camry Hybrid",2012,"2560"
260,"Toyota","Tacoma",2012,"7103"
261,"Toyota","Tacoma",2012,"7503"
262,"Toyota","Tacoma",2012,"7504"
263,"Toyota","Tacoma",2012,"7513"
264,"Toyota","Tacoma",2012,"7514"
265,"Toyota","Tacoma",2012,"7553"
266,"Toyota","Tacoma",2012,"7554"
267,"Toyota","Tacoma",2012,"7593"
268,"Toyota","Tacoma",2012,"7594"
269,"Toyota","Tacoma",2012,"7596"
270,"Scion","xD",2012,"6232"
271,"Scion","xD",2012,"6233"
272,"Toyota","Yaris",2012,"1424"
273,"Toyota","Yaris",2012,"1466"
274,"Toyota","Sienna",2012,"5302"
275,"Toyota","Sienna",2012,"5312"
276,"Toyota","Sienna",2012,"5314"
277,"Toyota","Sienna",2012,"5328"
278,"Toyota","Sienna",2012,"5335"
279,"Toyota","Sienna",2012,"5337"
280,"Toyota","Sienna",2012,"5338"
281,"Toyota","Sienna",2012,"5342"
282,"Toyota","Sienna",2012,"5345"
283,"Toyota","Sienna",2012,"5347"
284,"Toyota","Sienna",2012,"5348"
285,"Toyota","Sienna",2012,"5356"
286,"Toyota","Sienna",2012,"5366"
287,"Toyota","Sienna",2012,"5376"
288,"Toyota","Sienna",2012,"5386"
289,"Lexus","LS Hybrid",2012,"9140"
290,"Lexus","CT",2012,"9900"
291,"Lexus","CT",2012,"9907"
292,"Scion","xD",2012,"6238"
293,"Scion","xD",2012,"6239"
294,"Lexus","LS",2011,"9100"
295,"Lexus","LS",2011,"9106"
296,"Lexus","LS",2011,"9120"
297,"Lexus","LS",2011,"9126"
298,"Lexus","IS",2011,"9502"
299,"Lexus","IS",2011,"9506"
300,"Lexus","IS",2011,"9510"
301,"Lexus","IS",2011,"9516"
302,"Toyota","Tundra",2007,"8328"
303,"Toyota","Tundra",2008,"8328"
304,"Toyota","Tundra",2009,"8328"
305,"Toyota","Tundra",2010,"8328"
306,"Toyota","Tundra",2009,"8331"
307,"Toyota","Tundra",2010,"8331"
308,"Toyota","Tundra",2009,"8332"
309,"Toyota","Tundra",2010,"8332"
310,"Toyota","Tundra",2009,"8335"
311,"Toyota","Tundra",2010,"8335"
312,"Toyota","Inactive",2009,"8336"
313,"Toyota","Tundra",2010,"8336"
314,"Toyota","Tundra",2008,"8339"
315,"Toyota","Tundra",2009,"8339"
316,"Toyota","Tundra",2010,"8339"
317,"Toyota","Tundra",2007,"8340"
318,"Toyota","Tundra",2008,"8340"
319,"Toyota","Tundra",2009,"8340"
320,"Toyota","Tundra",2010,"8340"
321,"Toyota","Tundra",2008,"8341"
322,"Toyota","Tundra",2009,"8341"
323,"Toyota","Tundra",2010,"8341"
324,"Toyota","Tundra",2007,"8342"
325,"Toyota","Tundra",2008,"8342"
326,"Toyota","Tundra",2009,"8342"
327,"Toyota","Tundra",2010,"8342"
328,"Toyota","Tundra",2008,"8343"
329,"Toyota","Tundra",2009,"8343"
330,"Toyota","Tundra",2010,"8343"
331,"Toyota","Tundra",2007,"8344"
332,"Toyota","Tundra",2008,"8344"
333,"Toyota","Inactive",2009,"8344"
334,"Toyota","Tundra",2008,"8345"
335,"Toyota","Tundra",2009,"8345"
336,"Toyota","Tundra",2010,"8345"
337,"Toyota","Tundra",2007,"8346"
338,"Toyota","Tundra",2008,"8346"
339,"Toyota","Inactive",2009,"8346"
340,"Toyota","Tundra",2007,"8350"
341,"Toyota","Tundra",2008,"8350"
342,"Toyota","Inactive",2009,"8350"
343,"Toyota","Tundra",2010,"8350"
344,"Toyota","Tundra",2007,"8352"
345,"Toyota","Tundra",2008,"8352"
346,"Toyota","Tundra",2009,"8352"
347,"Toyota","Tundra",2010,"8352"
348,"Toyota","Tundra",2009,"8354"
349,"Toyota","Tundra",2010,"8354"
350,"Toyota","Tundra",2008,"8359"
351,"Toyota","Tundra",2009,"8359"
352,"Toyota","Tundra",2010,"8359"
353,"Toyota","Tundra",2007,"8360"
354,"Toyota","Tundra",2008,"8360"
355,"Toyota","Tundra",2009,"8360"
356,"Toyota","Tundra",2010,"8360"
357,"Toyota","Tundra",2008,"8361"
358,"Toyota","Tundra",2009,"8361"
359,"Toyota","Tundra",2010,"8361"
360,"Toyota","Tundra",2007,"8362"
361,"Toyota","Tundra",2008,"8362"
362,"Toyota","Tundra",2009,"8362"
363,"Toyota","Tundra",2010,"8362"
364,"Toyota","Tundra",2009,"8363"
365,"Toyota","Tundra",2010,"8363"
366,"Toyota","Tundra",2009,"8364"
367,"Toyota","Tundra",2010,"8364"
368,"Toyota","Tundra",2007,"8370"
369,"Toyota","Tundra",2008,"8370"
370,"Toyota","Inactive",2009,"8370"
371,"Toyota","Tundra",2010,"8370"
372,"Toyota","Tundra",2007,"8372"
373,"Toyota","Tundra",2008,"8372"
374,"Toyota","Tundra",2009,"8372"
375,"Toyota","Tundra",2010,"8372"
376,"Toyota","Tundra",2009,"8374"
377,"Toyota","Tundra",2010,"8374"
378,"Toyota","4Runner",2010,"8630"
379,"Toyota","4Runner",2007,"8642"
380,"Toyota","4Runner",2008,"8642"
381,"Toyota","4Runner",2009,"8642"
382,"Toyota","4Runner",2010,"8642"
383,"Toyota","4Runner",2007,"8646"
384,"Toyota","4Runner",2008,"8646"
385,"Toyota","4Runner",2009,"8646"
386,"Toyota","4Runner",2007,"8648"
387,"Toyota","4Runner",2008,"8648"
388,"Toyota","4Runner",2009,"8648"
389,"Toyota","4Runner",2010,"8648"
390,"Toyota","4Runner",2007,"8664"
391,"Toyota","4Runner",2008,"8664"
392,"Toyota","4Runner",2009,"8664"
393,"Toyota","4Runner",2010,"8664"
394,"Toyota","4Runner",2007,"8666"
395,"Toyota","4Runner",2008,"8666"
396,"Toyota","4Runner",2009,"8666"
397,"Toyota","4Runner",2007,"8668"
398,"Toyota","4Runner",2008,"8668"
399,"Toyota","4Runner",2009,"8668"
400,"Toyota","4Runner",2010,"8668"
401,"Toyota","4Runner",2010,"8670"
402,"Toyota","4Runner",2007,"8672"
403,"Toyota","4Runner",2008,"8672"
404,"Toyota","4Runner",2009,"8672"
405,"Toyota","4Runner",2007,"8676"
406,"Toyota","4Runner",2008,"8676"
407,"Toyota","4Runner",2009,"8676"
408,"Toyota","4Runner",2007,"8678"
409,"Toyota","4Runner",2008,"8678"
410,"Toyota","4Runner",2009,"8678"
411,"Toyota","4Runner",2007,"8682"
412,"Toyota","4Runner",2008,"8682"
413,"Toyota","4Runner",2009,"8682"
414,"Toyota","4Runner",2007,"8686"
415,"Toyota","4Runner",2008,"8686"
416,"Toyota","4Runner",2009,"8686"
417,"Toyota","4Runner",2007,"8688"
418,"Toyota","4Runner",2008,"8688"
419,"Toyota","4Runner",2009,"8688"
420,"Toyota","Camry",2011,"2513"
421,"Toyota","Camry",2011,"2514"
422,"Toyota","Camry",2011,"2531"
423,"Toyota","Camry",2011,"2532"
424,"Toyota","Camry",2011,"2540"
425,"Toyota","Camry",2011,"2545"
426,"Toyota","Camry",2011,"2546"
427,"Toyota","Camry",2011,"2550"
428,"Toyota","Camry",2011,"2552"
429,"Toyota","Camry",2011,"2554"
430,"Toyota","Camry Hybrid",2011,"2560"
431,"Toyota","Avalon",2011,"3544"
432,"Toyota","Avalon",2011,"3554"
433,"Toyota","Sienna",2011,"5302"
434,"Toyota","Sienna",2011,"5312"
435,"Toyota","Sienna",2011,"5314"
436,"Toyota","Sienna",2011,"5328"
437,"Toyota","Sienna",2011,"5336"
438,"Toyota","Sienna",2011,"5337"
439,"Toyota","Sienna",2011,"5338"
440,"Toyota","Sienna",2011,"5342"
441,"Toyota","Sienna",2011,"5346"
442,"Toyota","Sienna",2011,"5347"
443,"Toyota","Sienna",2011,"5348"
444,"Toyota","Sienna",2011,"5356"
445,"Toyota","Sienna",2011,"5366"
446,"Toyota","Sienna",2011,"5376"
447,"Toyota","Sienna",2011,"5386"
448,"Scion","xB",2011,"6202"
449,"Scion","xB",2011,"6203"
450,"Toyota","Inactive",2010,"6228"
451,"Toyota","Inactive",2010,"6229"
452,"Lexus","GX",2010,"9710"
453,"Lexus","CT",2011,"9907"
454,"Scion","tC",2012,"6222"
455,"Scion","tC",2012,"6223"
456,"Toyota","Highlander",2012,"6954"
457,"Toyota","Highlander",2012,"6956"
458,"Toyota","Highlander",2012,"6964"
459,"Toyota","Highlander Hybrid",2012,"6966"
460,"Lexus","IS",2012,"9501"
461,"Lexus","IS",2012,"9502"
462,"Lexus","IS",2012,"9506"
463,"Lexus","IS",2012,"9510"
464,"Lexus","IS",2012,"9516"
465,"Lexus","IS",2012,"9521"
466,"Lexus","IS",2012,"9522"
467,"Lexus","IS",2012,"9530"
468,"Lexus","IS F",2012,"9550"
469,"Lexus","GX",2012,"9700"
470,"Toyota","FJ",2012,"4702"
471,"Toyota","FJ",2012,"4703"
472,"Lexus","LS",2012,"9100"
473,"Lexus","LS",2012,"9106"
474,"Lexus","LS",2012,"9120"
475,"Lexus","LS",2012,"9126"
476,"Toyota","Corolla",2011,"1831"
477,"Toyota","Corolla",2011,"1832"
478,"Toyota","Corolla",2011,"1833"
479,"Toyota","Corolla",2011,"1834"
480,"Toyota","Corolla",2011,"1838"
481,"Lexus","RX",2011,"9420"
482,"Lexus","CT",2011,"9900"
483,"Lexus","RX Hybrid",2011,"9440"
484,"Lexus","RX Hybrid",2011,"9444"
485,"Toyota","Yaris",2011,"1441"
486,"Toyota","Yaris",2011,"1442"
487,"Toyota","Camry",2012,"2514"
488,"Toyota","Camry",2012,"2532"
489,"Toyota","Camry",2012,"2540"
490,"Toyota","Camry",2012,"2546"
491,"Toyota","Camry",2012,"2550"
492,"Toyota","Camry",2012,"2554"
493,"Lexus","HS",2012,"9800"
494,"Lexus","HS",2012,"9810"
495,"Lexus","ES",2007,"9000"
496,"Lexus","ES",2008,"9000"
497,"Lexus","ES",2009,"9000"
498,"Lexus","ES",2010,"9000"
499,"Lexus","LS",2007,"9100"
500,"Lexus","LS",2008,"9100"
501,"Lexus","LS",2009,"9100"
502,"Lexus","LS",2010,"9100"
503,"Lexus","LS",2009,"9106"
504,"Lexus","LS",2010,"9106"
505,"Lexus","LS",2007,"9120"
506,"Lexus","LS",2008,"9120"
507,"Lexus","LS",2009,"9120"
508,"Lexus","LS",2010,"9120"
509,"Lexus","LS",2009,"9126"
510,"Lexus","LS",2010,"9126"
511,"Lexus","LS Hybrid",2008,"9140"
512,"Lexus","LS Hybrid",2009,"9140"
513,"Lexus","LS Hybrid",2010,"9140"
514,"Lexus","SC",2007,"9270"
515,"Lexus","SC",2008,"9270"
516,"Lexus","SC",2009,"9270"
517,"Lexus","SC",2010,"9270"
518,"Lexus","GS",2007,"9300"
519,"Lexus","GS",2008,"9300"
520,"Lexus","GS",2009,"9300"
521,"Lexus","GS",2010,"9300"
522,"Lexus","GS",2007,"9306"
523,"Lexus","GS",2008,"9306"
524,"Lexus","GS",2009,"9306"
525,"Lexus","GS",2010,"9306"
526,"Lexus","GS",2007,"9320"
527,"Lexus","GS",2008,"9320"
528,"Lexus","GS",2009,"9320"
529,"Lexus","GS",2010,"9320"
530,"Lexus","GS Hybrid",2007,"9340"
531,"Lexus","GS Hybrid",2008,"9340"
532,"Lexus","GS Hybrid",2009,"9340"
533,"Lexus","GS Hybrid",2010,"9340"
534,"Lexus","RX",2007,"9420"
535,"Lexus","RX",2008,"9420"
536,"Lexus","RX",2009,"9420"
537,"Lexus","RX",2010,"9420"
538,"Lexus","RX",2007,"9424"
539,"Lexus","RX",2008,"9424"
540,"Lexus","RX",2009,"9424"
541,"Lexus","RX",2010,"9424"
542,"Lexus","RX Hybrid",2007,"9440"
543,"Lexus","RX Hybrid",2008,"9440"
544,"Lexus","RX Hybrid",2010,"9440"
545,"Lexus","RX Hybrid",2007,"9444"
546,"Lexus","RX Hybrid",2008,"9444"
547,"Lexus","RX Hybrid",2010,"9444"
548,"Lexus","IS",2007,"9501"
549,"Lexus","IS",2008,"9501"
550,"Lexus","IS",2009,"9501"
551,"Lexus","IS",2010,"9501"
552,"Lexus","IS",2007,"9502"
553,"Lexus","IS",2008,"9502"
554,"Lexus","IS",2009,"9502"
555,"Lexus","IS",2010,"9502"
556,"Lexus","IS",2007,"9506"
557,"Lexus","IS",2008,"9506"
558,"Lexus","IS",2009,"9506"
559,"Lexus","IS",2010,"9506"
560,"Lexus","IS",2007,"9510"
561,"Lexus","IS",2008,"9510"
562,"Lexus","IS",2009,"9510"
563,"Lexus","IS",2010,"9510"
564,"Lexus","IS",2010,"9521"
565,"Lexus","IS",2010,"9522"
566,"Lexus","IS",2010,"9530"
567,"Lexus","IS F",2008,"9550"
568,"Lexus","IS F",2009,"9550"
569,"Lexus","IS F",2010,"9550"
570,"Lexus","LX",2007,"9620"
571,"Lexus","LX",2008,"9620"
572,"Lexus","LX",2009,"9620"
573,"Lexus","LX",2010,"9620"
574,"Lexus","GX",2007,"9700"
575,"Lexus","GX",2008,"9700"
576,"Lexus","GX",2009,"9700"
577,"Lexus","GX",2010,"9700"
578,"Lexus","HS",2010,"9800"
579,"Lexus","HS",2010,"9810"
580,"Scion","xB",2008,"6202"
581,"Scion","xB",2009,"6202"
582,"Scion","xB",2010,"6202"
583,"Scion","xB",2008,"6203"
584,"Scion","xB",2009,"6203"
585,"Scion","xB",2010,"6203"
586,"Toyota","Inactive",2010,"6208"
587,"Toyota","Inactive",2010,"6209"
588,"Scion","tC",2007,"6220"
589,"Scion","tC",2008,"6220"
590,"Scion","tC",2009,"6220"
591,"Scion","tC",2010,"6220"
592,"Scion","tC",2007,"6221"
593,"Scion","tC",2008,"6221"
594,"Scion","tC",2009,"6221"
595,"Scion","tC",2010,"6221"
596,"Scion","tC",2007,"6222"
597,"Scion","tC",2008,"6222"
598,"Scion","tC",2007,"6223"
599,"Scion","tC",2008,"6223"
600,"Scion","xD",2008,"6232"
601,"Scion","xD",2009,"6232"
602,"Scion","xD",2010,"6232"
603,"Scion","xD",2008,"6233"
604,"Scion","xD",2009,"6233"
605,"Scion","xD",2010,"6233"
606,"Toyota","Prius",2008,"1220"
607,"Toyota","Prius",2009,"1220"
608,"Toyota","Prius",2010,"1221"
609,"Toyota","Prius",2010,"1223"
610,"Toyota","Prius",2007,"1224"
611,"Toyota","Prius",2008,"1224"
612,"Toyota","Prius",2009,"1224"
613,"Toyota","Prius",2010,"1225"
614,"Toyota","Prius",2007,"1226"
615,"Toyota","Prius",2008,"1226"
616,"Toyota","Prius",2009,"1226"
617,"Toyota","Prius",2010,"1227"
618,"Toyota","Prius",2010,"1229"
619,"Toyota","Yaris",2007,"1421"
620,"Toyota","Yaris",2008,"1421"
621,"Toyota","Yaris",2009,"1421"
622,"Toyota","Yaris",2010,"1421"
623,"Toyota","Yaris",2007,"1422"
624,"Toyota","Yaris",2008,"1422"
625,"Toyota","Yaris",2009,"1422"
626,"Toyota","Yaris",2010,"1422"
627,"Toyota","Yaris",2008,"1431"
628,"Toyota","Yaris",2009,"1431"
629,"Toyota","Yaris",2008,"1432"
630,"Toyota","Yaris",2009,"1432"
631,"Toyota","Yaris",2007,"1441"
632,"Toyota","Yaris",2008,"1441"
633,"Toyota","Yaris",2009,"1441"
634,"Toyota","Yaris",2010,"1441"
635,"Toyota","Yaris",2007,"1442"
636,"Toyota","Yaris",2008,"1442"
637,"Toyota","Yaris",2009,"1442"
638,"Toyota","Yaris",2010,"1442"
639,"Toyota","Yaris",2007,"1451"
640,"Toyota","Yaris",2008,"1451"
641,"Toyota","Yaris",2009,"1451"
642,"Toyota","Yaris",2007,"1452"
643,"Toyota","Yaris",2008,"1452"
644,"Toyota","Yaris",2009,"1452"
645,"Toyota","Yaris",2010,"1461"
646,"Toyota","Yaris",2009,"1462"
647,"Toyota","Yaris",2010,"1462"
648,"Toyota","Yaris",2009,"1472"
649,"Toyota","Corolla",2007,"1801"
650,"Toyota","Corolla",2008,"1801"
651,"Toyota","Corolla",2007,"1802"
652,"Toyota","Corolla",2008,"1802"
653,"Toyota","Corolla",2007,"1811"
654,"Toyota","Corolla",2008,"1811"
655,"Toyota","Corolla",2007,"1812"
656,"Toyota","Corolla",2008,"1812"
657,"Toyota","Corolla",2007,"1821"
658,"Toyota","Corolla",2008,"1821"
659,"Toyota","Corolla",2007,"1822"
660,"Toyota","Corolla",2008,"1822"
661,"Toyota","Corolla",2009,"1831"
662,"Toyota","Corolla",2010,"1831"
663,"Toyota","Corolla",2009,"1832"
664,"Toyota","Corolla",2010,"1832"
665,"Toyota","Corolla",2009,"1833"
666,"Toyota","Corolla",2010,"1833"
667,"Toyota","Corolla",2009,"1834"
668,"Toyota","Corolla",2010,"1834"
669,"Toyota","Corolla",2009,"1835"
670,"Toyota","Corolla",2010,"1835"
671,"Toyota","Corolla",2009,"1836"
672,"Toyota","Corolla",2010,"1836"
673,"Toyota","Corolla",2009,"1838"
674,"Toyota","Corolla",2010,"1838"
675,"Toyota","Corolla",2009,"1840"
676,"Toyota","Corolla",2010,"1840"
677,"Toyota","Matrix",2007,"1901"
678,"Toyota","Matrix",2008,"1901"
679,"Toyota","Matrix",2007,"1902"
680,"Toyota","Matrix",2008,"1902"
681,"Toyota","Matrix",2007,"1911"
682,"Toyota","Matrix",2008,"1911"
683,"Toyota","Matrix",2007,"1912"
684,"Toyota","Matrix",2008,"1912"
685,"Toyota","Matrix",2009,"1931"
686,"Toyota","Matrix",2010,"1931"
687,"Toyota","Matrix",2009,"1932"
688,"Toyota","Matrix",2010,"1932"
689,"Toyota","Matrix",2009,"1933"
690,"Toyota","Matrix",2010,"1933"
691,"Toyota","Matrix",2009,"1934"
692,"Toyota","Matrix",2010,"1934"
693,"Toyota","Matrix",2009,"1935"
694,"Toyota","Matrix",2010,"1935"
695,"Toyota","Matrix",2009,"1936"
696,"Toyota","Matrix",2010,"1936"
697,"Toyota","Matrix",2009,"1938"
698,"Toyota","Matrix",2010,"1938"
699,"Toyota","Camry",2007,"2513"
700,"Toyota","Camry",2008,"2513"
701,"Toyota","Camry",2009,"2513"
702,"Toyota","Camry",2010,"2513"
703,"Toyota","Camry",2007,"2514"
704,"Toyota","Camry",2008,"2514"
705,"Toyota","Camry",2009,"2514"
706,"Toyota","Camry",2010,"2514"
707,"Toyota","Camry",2007,"2531"
708,"Toyota","Camry",2008,"2531"
709,"Toyota","Camry",2009,"2531"
710,"Toyota","Camry",2010,"2531"
711,"Toyota","Camry",2007,"2532"
712,"Toyota","Camry",2008,"2532"
713,"Toyota","Camry",2009,"2532"
714,"Toyota","Camry",2010,"2532"
715,"Toyota","Camry",2007,"2540"
716,"Toyota","Camry",2008,"2540"
717,"Toyota","Camry",2009,"2540"
718,"Toyota","Camry",2010,"2540"
719,"Toyota","Camry",2007,"2545"
720,"Toyota","Camry",2008,"2545"
721,"Toyota","Camry",2009,"2545"
722,"Toyota","Camry",2010,"2545"
723,"Toyota","Camry",2007,"2546"
724,"Toyota","Camry",2008,"2546"
725,"Toyota","Camry",2009,"2546"
726,"Toyota","Camry",2010,"2546"
727,"Toyota","Camry",2007,"2550"
728,"Toyota","Camry",2008,"2550"
729,"Toyota","Camry",2009,"2550"
730,"Toyota","Camry",2010,"2550"
731,"Toyota","Camry",2007,"2552"
732,"Toyota","Camry",2008,"2552"
733,"Toyota","Camry",2009,"2552"
734,"Toyota","Camry",2010,"2552"
735,"Toyota","Camry",2007,"2554"
736,"Toyota","Camry",2008,"2554"
737,"Toyota","Camry",2009,"2554"
738,"Toyota","Camry",2010,"2554"
739,"Toyota","Camry Hybrid",2007,"2560"
740,"Toyota","Camry Hybrid",2008,"2560"
741,"Toyota","Camry Hybrid",2009,"2560"
742,"Toyota","Camry Hybrid",2010,"2560"
743,"Toyota","Solara",2007,"2736"
744,"Toyota","Solara",2008,"2736"
745,"Toyota","Solara",2007,"2738"
746,"Toyota","Solara",2008,"2738"
747,"Toyota","Solara",2007,"2739"
748,"Toyota","Solara",2008,"2739"
749,"Toyota","Solara",2007,"2740"
750,"Toyota","Solara",2008,"2740"
751,"Toyota","Solara",2007,"2742"
752,"Toyota","Solara",2008,"2742"
753,"Toyota","Solara",2007,"2746"
754,"Toyota","Solara",2008,"2746"
755,"Toyota","Solara",2007,"2748"
756,"Toyota","Solara",2008,"2748"
757,"Toyota","Solara",2007,"2749"
758,"Toyota","Solara",2008,"2749"
759,"Toyota","Solara",2007,"2787"
760,"Toyota","Solara",2008,"2787"
761,"Toyota","Solara",2009,"2787"
762,"Toyota","Solara",2007,"2788"
763,"Toyota","Solara",2008,"2788"
764,"Toyota","Solara",2009,"2788"
765,"Toyota","Solara",2007,"2789"
766,"Toyota","Solara",2008,"2789"
767,"Toyota","Venza",2009,"2810"
768,"Toyota","Venza",2010,"2810"
769,"Toyota","Venza",2009,"2812"
770,"Toyota","Venza",2010,"2812"
771,"Toyota","Venza",2009,"2820"
772,"Toyota","Venza",2010,"2820"
773,"Toyota","Venza",2009,"2822"
774,"Toyota","Venza",2010,"2822"
775,"Toyota","Avalon",2007,"3534"
776,"Toyota","Avalon",2008,"3534"
777,"Toyota","Avalon",2009,"3534"
778,"Toyota","Avalon",2010,"3534"
779,"Toyota","Avalon",2007,"3538"
780,"Toyota","Avalon",2008,"3538"
781,"Toyota","Avalon",2007,"3544"
782,"Toyota","Avalon",2008,"3544"
783,"Toyota","Avalon",2009,"3544"
784,"Toyota","Avalon",2010,"3544"
785,"Toyota","Avalon",2007,"3554"
786,"Toyota","Avalon",2008,"3554"
787,"Toyota","Avalon",2009,"3554"
788,"Toyota","Avalon",2010,"3554"
789,"Toyota","RAV4",2007,"4430"
790,"Toyota","RAV4",2008,"4430"
791,"Toyota","RAV4",2009,"4430"
792,"Toyota","RAV4",2010,"4430"
793,"Toyota","RAV4",2007,"4431"
794,"Toyota","RAV4",2008,"4431"
795,"Toyota","RAV4",2009,"4431"
796,"Toyota","RAV4",2010,"4431"
797,"Toyota","RAV4",2007,"4432"
798,"Toyota","RAV4",2008,"4432"
799,"Toyota","RAV4",2009,"4432"
800,"Toyota","RAV4",2010,"4432"
801,"Toyota","RAV4",2007,"4433"
802,"Toyota","RAV4",2008,"4433"
803,"Toyota","RAV4",2009,"4433"
804,"Toyota","RAV4",2010,"4433"
805,"Toyota","RAV4",2007,"4440"
806,"Toyota","RAV4",2008,"4440"
807,"Toyota","RAV4",2009,"4440"
808,"Toyota","RAV4",2010,"4440"
809,"Toyota","RAV4",2007,"4441"
810,"Toyota","RAV4",2008,"4441"
811,"Toyota","RAV4",2009,"4441"
812,"Toyota","RAV4",2010,"4441"
813,"Toyota","RAV4",2007,"4442"
814,"Toyota","RAV4",2008,"4442"
815,"Toyota","RAV4",2009,"4442"
816,"Toyota","RAV4",2010,"4442"
817,"Toyota","RAV4",2007,"4443"
818,"Toyota","RAV4",2008,"4443"
819,"Toyota","RAV4",2009,"4443"
820,"Toyota","RAV4",2010,"4443"
821,"Toyota","RAV4",2007,"4450"
822,"Toyota","RAV4",2008,"4450"
823,"Toyota","RAV4",2009,"4450"
824,"Toyota","RAV4",2010,"4450"
825,"Toyota","RAV4",2007,"4451"
826,"Toyota","RAV4",2008,"4451"
827,"Toyota","RAV4",2009,"4451"
828,"Toyota","RAV4",2010,"4451"
829,"Toyota","RAV4",2007,"4452"
830,"Toyota","RAV4",2008,"4452"
831,"Toyota","RAV4",2009,"4452"
832,"Toyota","RAV4",2010,"4452"
833,"Toyota","RAV4",2007,"4453"
834,"Toyota","RAV4",2008,"4453"
835,"Toyota","RAV4",2009,"4453"
836,"Toyota","RAV4",2010,"4453"
837,"Toyota","FJ",2007,"4702"
838,"Toyota","FJ",2008,"4702"
839,"Toyota","FJ",2009,"4702"
840,"Toyota","FJ",2010,"4702"
841,"Toyota","FJ",2007,"4703"
842,"Toyota","FJ",2008,"4703"
843,"Toyota","FJ",2009,"4703"
844,"Toyota","FJ",2010,"4703"
845,"Toyota","FJ",2007,"4704"
846,"Toyota","FJ",2008,"4704"
847,"Toyota","FJ",2009,"4704"
848,"Toyota","FJ",2010,"4704"
849,"Toyota","Sienna",2007,"5302"
850,"Toyota","Sienna",2008,"5302"
851,"Toyota","Sienna",2009,"5302"
852,"Toyota","Sienna",2010,"5302"
853,"Toyota","Sienna",2007,"5326"
854,"Toyota","Sienna",2008,"5326"
855,"Toyota","Sienna",2009,"5326"
856,"Toyota","Sienna",2010,"5326"
857,"Toyota","Sienna",2007,"5328"
858,"Toyota","Sienna",2008,"5328"
859,"Toyota","Sienna",2009,"5328"
860,"Toyota","Sienna",2010,"5328"
861,"Toyota","Sienna",2007,"5336"
862,"Toyota","Sienna",2008,"5336"
863,"Toyota","Sienna",2009,"5336"
864,"Toyota","Sienna",2010,"5336"
865,"Toyota","Sienna",2007,"5338"
866,"Toyota","Sienna",2008,"5338"
867,"Toyota","Sienna",2009,"5338"
868,"Toyota","Sienna",2010,"5338"
869,"Toyota","Sienna",2007,"5346"
870,"Toyota","Sienna",2008,"5346"
871,"Toyota","Sienna",2009,"5346"
872,"Toyota","Sienna",2010,"5346"
873,"Toyota","Sienna",2007,"5347"
874,"Toyota","Sienna",2008,"5347"
875,"Toyota","Sienna",2009,"5347"
876,"Toyota","Inactive",2010,"5347"
877,"Toyota","Sienna",2007,"5348"
878,"Toyota","Sienna",2008,"5348"
879,"Toyota","Sienna",2009,"5348"
880,"Toyota","Inactive",2010,"5348"
881,"Toyota","Sienna",2007,"5356"
882,"Toyota","Sienna",2008,"5356"
883,"Toyota","Sienna",2009,"5356"
884,"Toyota","Sienna",2010,"5356"
885,"Toyota","Sienna",2007,"5366"
886,"Toyota","Sienna",2008,"5366"
887,"Toyota","Sienna",2009,"5366"
888,"Toyota","Sienna",2010,"5366"
889,"Toyota","Sienna",2007,"5376"
890,"Toyota","Sienna",2008,"5376"
891,"Toyota","Sienna",2009,"5376"
892,"Toyota","Sienna",2010,"5376"
893,"Toyota","Sienna",2007,"5386"
894,"Toyota","Sienna",2008,"5386"
895,"Toyota","Sienna",2009,"5386"
896,"Toyota","Sienna",2010,"5386"
897,"Toyota","Land Cruiser",2007,"6156"
898,"Toyota","Land Cruiser",2008,"6156"
899,"Toyota","Land Cruiser",2009,"6156"
900,"Toyota","Land Cruiser",2010,"6156"
901,"Toyota","Highlander",2007,"6910"
902,"Toyota","Highlander",2007,"6912"
903,"Toyota","Highlander",2007,"6916"
904,"Toyota","Highlander",2007,"6917"
905,"Toyota","Highlander",2007,"6918"
906,"Toyota","Highlander",2007,"6919"
907,"Toyota","Highlander",2007,"6920"
908,"Toyota","Highlander",2007,"6926"
909,"Toyota","Highlander",2007,"6927"
910,"Toyota","Highlander",2007,"6928"
911,"Toyota","Highlander",2007,"6929"
912,"Toyota","Highlander",2007,"6932"
913,"Toyota","Highlander",2007,"6938"
914,"Toyota","Highlander",2009,"6942"
915,"Toyota","Highlander",2010,"6942"
916,"Toyota","Highlander",2008,"6946"
917,"Toyota","Highlander",2009,"6946"
918,"Toyota","Highlander",2010,"6946"
919,"Toyota","Highlander",2008,"6948"
920,"Toyota","Highlander",2009,"6948"
921,"Toyota","Highlander",2010,"6948"
922,"Toyota","Highlander",2008,"6950"
923,"Toyota","Highlander",2009,"6950"
924,"Toyota","Highlander",2010,"6950"
925,"Toyota","Highlander",2010,"6951"
926,"Toyota","Highlander",2008,"6952"
927,"Toyota","Highlander",2009,"6952"
928,"Toyota","Highlander",2010,"6952"
929,"Toyota","Highlander",2010,"6953"
930,"Toyota","Highlander",2008,"6954"
931,"Toyota","Highlander",2009,"6954"
932,"Toyota","Highlander",2010,"6954"
933,"Toyota","Highlander",2008,"6956"
934,"Toyota","Highlander",2009,"6956"
935,"Toyota","Highlander",2010,"6956"
936,"Toyota","Highlander",2007,"6960"
937,"Toyota","Highlander",2007,"6961"
938,"Toyota","Highlander",2007,"6962"
939,"Toyota","Highlander",2007,"6963"
940,"Toyota","Highlander",2007,"6964"
941,"Toyota","Highlander",2008,"6964"
942,"Toyota","Highlander",2009,"6964"
943,"Toyota","Highlander",2010,"6964"
944,"Toyota","Highlander",2007,"6965"
945,"Lexus","IS F",2011,"9550"
946,"Lexus","LX",2011,"9620"
947,"Lexus","GX",2011,"9700"
948,"Lexus","GX",2011,"9710"
949,"Toyota","Highlander",2011,"6943"
950,"Toyota","Sequoia",2011,"7916"
951,"Toyota","Sequoia",2011,"7917"
952,"Toyota","Sequoia",2011,"7918"
953,"Toyota","Sequoia",2011,"7919"
954,"Toyota","Sequoia",2011,"7927"
955,"Toyota","Sequoia",2011,"7929"
956,"Toyota","Sequoia",2011,"7931"
957,"Toyota","Sequoia",2011,"7933"
958,"Toyota","Sequoia",2011,"7940"
959,"Toyota","Sequoia",2011,"7942"
960,"Toyota","Sequoia",2011,"7944"
961,"Toyota","Tundra",2011,"8202"
962,"Toyota","Tundra",2011,"8204"
963,"Toyota","Tundra",2011,"8215"
964,"Toyota","Tundra",2011,"8222"
965,"Toyota","Tundra",2011,"8228"
966,"Toyota","Tundra",2011,"8239"
967,"Toyota","Tundra",2011,"8241"
968,"Toyota","Tundra",2011,"8245"
969,"Toyota","Tundra",2011,"8252"
970,"Toyota","Tundra",2011,"8259"
971,"Toyota","Tundra",2011,"8261"
972,"Toyota","Tundra",2011,"8272"
973,"Toyota","Tundra",2011,"8323"
974,"Toyota","Tundra",2011,"8324"
975,"Toyota","Tundra",2011,"8327"
976,"Toyota","Tundra",2011,"8328"
977,"Toyota","Tundra",2011,"8331"
978,"Toyota","Tundra",2011,"8335"
979,"Toyota","Tundra",2011,"8339"
980,"Toyota","Tundra",2011,"8341"
981,"Toyota","Tundra",2011,"8345"
982,"Toyota","Tundra",2011,"8352"
983,"Toyota","Tundra",2011,"8354"
984,"Toyota","Tundra",2011,"8359"
985,"Toyota","Tundra",2011,"8361"
986,"Toyota","Tundra",2011,"8363"
987,"Toyota","Tundra",2011,"8372"
988,"Toyota","Tundra",2011,"8374"
989,"Toyota","Prius V",2012,"1243"
990,"Toyota","Prius V",2012,"1245"
991,"Toyota","Prius V",2012,"1249"
992,"Scion","tC",2012,"6228"
993,"Scion","tC",2012,"6229"
994,"Toyota","Tacoma",2012,"7104"
995,"Toyota","Tacoma",2012,"7113"
996,"Toyota","Tacoma",2012,"7114"
997,"Toyota","Tacoma",2012,"7153"
998,"Toyota","Tacoma",2012,"7162"
999,"Toyota","Tacoma",2012,"7164"
1000,"Toyota","Tacoma",2012,"7182"
1001,"Toyota","Tacoma",2012,"7186"
1002,"Toyota","Tacoma",2012,"7188"
1003,"Toyota","Tacoma",2012,"7190"
1004,"Toyota","Venza",2012,"2810"
1005,"Toyota","Venza",2012,"2812"
1006,"Toyota","Venza",2012,"2820"
1007,"Toyota","Venza",2012,"2822"
1008,"Toyota","RAV4",2011,"4430"
1009,"Toyota","RAV4",2011,"4431"
1010,"Toyota","RAV4",2011,"4432"
1011,"Toyota","RAV4",2011,"4433"
1012,"Toyota","RAV4",2011,"4440"
1013,"Toyota","RAV4",2011,"4441"
1014,"Toyota","RAV4",2011,"4442"
1015,"Toyota","RAV4",2011,"4443"
1016,"Toyota","RAV4",2011,"4450"
1017,"Toyota","RAV4",2011,"4451"
1018,"Toyota","RAV4",2011,"4452"
1019,"Toyota","RAV4",2011,"4453"
1020,"Scion","IQ",2012,"6242"
1021,"Toyota","Yaris",2012,"1441"
1022,"Toyota","Yaris",2012,"1442"
1023,"Toyota","Sequoia",2012,"7916"
1024,"Toyota","Sequoia",2012,"7917"
1025,"Toyota","Sequoia",2012,"7918"
1026,"Toyota","Sequoia",2012,"7919"
1027,"Toyota","Sequoia",2012,"7927"
1028,"Toyota","Sequoia",2012,"7929"
1029,"Toyota","Sequoia",2012,"7931"
1030,"Toyota","Sequoia",2012,"7933"
1031,"Toyota","Sequoia",2012,"7940"
1032,"Toyota","Sequoia",2012,"7942"
1033,"Toyota","Sequoia",2012,"7944"
1034,"Toyota","Land Cruiser",2011,"6156"
1035,"Lexus","LS Hybrid",2011,"9140"
1036,"Toyota","Yaris",2011,"1422"
1037,"Toyota","Yaris",2011,"1461"
1038,"Toyota","Yaris",2011,"1462"
1039,"Lexus","HS",2011,"9800"
1040,"Lexus","HS",2011,"9810"
1041,"Toyota","Matrix",2011,"1931"
1042,"Toyota","Matrix",2011,"1932"
1043,"Toyota","Matrix",2011,"1933"
1044,"Toyota","Matrix",2011,"1934"
1045,"Scion","xB",2012,"6202"
1046,"Scion","xB",2012,"6203"
1047,"Toyota","Highlander",2011,"6942"
1048,"Toyota","Highlander",2011,"6946"
1049,"Toyota","Highlander",2011,"6948"
1050,"Toyota","Highlander",2011,"6951"
1051,"Toyota","Highlander",2011,"6953"
1052,"Toyota","Highlander",2011,"6954"
1053,"Toyota","Highlander",2011,"6956"
1054,"Toyota","Highlander",2011,"6964"
1055,"Toyota","Highlander Hybrid",2011,"6966"
1056,"Toyota","Prius",2011,"1221"
1057,"Toyota","Prius",2011,"1223"
1058,"Toyota","Prius",2011,"1225"
1059,"Toyota","Prius",2011,"1227"
1060,"Toyota","Prius",2011,"1229"
1061,"Toyota","FJ",2011,"4702"
1062,"Toyota","FJ",2011,"4703"
1063,"Toyota","FJ",2011,"4704"
1064,"Toyota","Tundra",2012,"8202"
1065,"Toyota","Tundra",2012,"8204"
1066,"Toyota","Tundra",2012,"8215"
1067,"Toyota","Tundra",2012,"8222"
1068,"Toyota","Tundra",2012,"8228"
1069,"Toyota","Tundra",2012,"8239"
1070,"Toyota","Tundra",2012,"8241"
1071,"Toyota","Tundra",2012,"8245"
1072,"Toyota","Tundra",2012,"8252"
1073,"Toyota","Tundra",2012,"8259"
1074,"Toyota","Tundra",2012,"8261"
1075,"Toyota","Tundra",2012,"8272"
1076,"Toyota","Tundra",2012,"8323"
1077,"Toyota","Tundra",2012,"8324"
1078,"Toyota","Tundra",2012,"8327"
1079,"Toyota","Tundra",2012,"8328"
1080,"Toyota","Tundra",2012,"8331"
1081,"Toyota","Tundra",2012,"8335"
1082,"Toyota","Tundra",2012,"8339"
1083,"Toyota","Tundra",2012,"8341"
1084,"Toyota","Tundra",2012,"8345"
1085,"Toyota","Tundra",2012,"8352"
1086,"Toyota","Tundra",2012,"8354"
1087,"Toyota","Tundra",2012,"8359"
1088,"Toyota","Tundra",2012,"8361"
1089,"Toyota","Tundra",2012,"8363"
1090,"Toyota","Tundra",2012,"8372"
1091,"Toyota","Tundra",2012,"8374"
1092,"Toyota","Yaris",2012,"1421"
1093,"Toyota","Yaris",2012,"1422"
1094,"Toyota","Yaris",2012,"1461"
1095,"Toyota","Yaris",2012,"1462"
1096,"Toyota","Yaris",2012,"1463"
1097,"Toyota","Yaris",2012,"1464"
1098,"Toyota","Highlander",2012,"6942"
1099,"Toyota","Highlander",2012,"6943"
1100,"Toyota","Highlander",2012,"6946"
1101,"Toyota","Highlander",2012,"6948"
1102,"Toyota","Highlander",2012,"6951"
1103,"Toyota","Highlander",2012,"6953"
1104,"Lexus","ES",2012,"9000"
1105,"Lexus","RX",2012,"9420"
1106,"Lexus","RX",2012,"9424"
1107,"Lexus","RX Hybrid",2012,"9440"
1108,"Lexus","RX Hybrid",2012,"9444"
1109,"Lexus","GX",2012,"9710"
1110,"Toyota","FJ",2012,"4704"
1111,"Toyota","Venza",2013,"2810"
1112,"Toyota","Venza",2013,"2812"
1113,"Toyota","Venza",2013,"2820"
1114,"Toyota","Venza",2013,"2822"
1115,"Toyota","Venza",2013,"2830"
1116,"Toyota","Venza",2013,"2832"
1117,"Toyota","Venza",2013,"2834"
1118,"Toyota","Venza",2013,"2836"
1119,"Toyota","Venza",2013,"2842"
1120,"Toyota","Venza",2013,"2846"
1121,"Toyota","RAV4 EV",2012,"4480"
1122,"Scion","FR-S",2013,"6252"
1123,"Scion","FR-S",2013,"6253"
1124,"Scion","tC",2013,"6228"
1125,"Scion","tC",2013,"6229"
1126,"Lexus","IS",2013,"9502"
1127,"Lexus","IS F",2013,"9550"
1128,"Scion","IQ",2013,"6242"
1129,"Toyota","Matrix",2013,"1931"
1130,"Toyota","Matrix",2013,"1932"
1131,"Toyota","Matrix",2013,"1933"
1132,"Toyota","Matrix",2013,"1934"
1133,"Toyota","Matrix",2013,"1938"
1134,"Toyota","Tundra",2013,"8202"
1135,"Toyota","Tundra",2013,"8204"
1136,"Toyota","Tundra",2013,"8215"
1137,"Toyota","Tundra",2013,"8222"
1138,"Toyota","Tundra",2013,"8228"
1139,"Toyota","Tundra",2013,"8239"
1140,"Toyota","Tundra",2013,"8241"
1141,"Toyota","Corolla",2012,"1831"
1142,"Toyota","Corolla",2012,"1832"
1143,"Toyota","Corolla",2012,"1833"
1144,"Toyota","Corolla",2012,"1834"
1145,"Toyota","Corolla",2012,"1838"
1146,"Toyota","Matrix",2012,"1931"
1147,"Toyota","Matrix",2012,"1932"
1148,"Toyota","Matrix",2012,"1933"
1149,"Toyota","Matrix",2012,"1934"
1150,"Toyota","Matrix",2012,"1938"
1151,"Lexus","GS",2013,"9300"
1152,"Lexus","GS",2013,"9306"
1153,"Toyota","Prius Liftback",2014,"1221"
1154,"Toyota","Prius Liftback",2014,"1223"
1155,"Lexus","IS",2015,"9502"
1156,"Lexus","IS",2015,"9506"
1157,"Lexus","IS",2015,"9510"
1158,"Toyota","Highlander Hybrid",2015,"6966"
1159,"Toyota","Highlander Hybrid",2015,"6967"
1160,"Toyota","Tundra",2015,"8245"
1161,"Toyota","Tundra",2015,"8246"
1162,"Toyota","Tundra",2015,"8252"
1163,"Toyota","Tundra",2015,"8259"
1164,"Toyota","Tundra",2015,"8261"
1165,"Toyota","Tundra",2015,"8331"
1166,"Toyota","Tundra",2015,"8332"
1167,"Toyota","Tundra",2015,"8335"
1168,"Toyota","Tundra",2015,"8336"
1169,"Toyota","Tundra",2015,"8339"
1170,"Toyota","Tundra",2015,"8352"
1171,"Toyota","Tundra",2015,"8354"
1172,"Toyota","Tundra",2015,"8359"
1173,"Toyota","Tundra",2015,"8361"
1174,"Toyota","Tundra",2015,"8363"
1175,"Toyota","Tundra",2015,"8378"
1176,"Lexus","LS",2015,"9103"
1177,"Lexus","LS",2015,"9107"
1178,"Toyota","Sienna",2012,"5336"
1179,"Toyota","Sienna",2012,"5346"
1180,"Toyota","Tundra",2013,"8245"
1181,"Toyota","Tundra",2013,"8252"
1182,"Toyota","Tundra",2013,"8259"
1183,"Toyota","Tundra",2013,"8261"
1184,"Toyota","Tundra",2013,"8272"
1185,"Toyota","Tundra",2013,"8323"
1186,"Toyota","Tundra",2013,"8324"
1187,"Toyota","Tundra",2013,"8327"
1188,"Toyota","Tundra",2013,"8328"
1189,"Toyota","Tundra",2013,"8331"
1190,"Toyota","Tundra",2013,"8335"
1191,"Toyota","Tundra",2013,"8339"
1192,"Toyota","Tundra",2013,"8341"
1193,"Toyota","Tundra",2013,"8345"
1194,"Toyota","Tundra",2013,"8352"
1195,"Toyota","Tundra",2013,"8354"
1196,"Toyota","Tundra",2013,"8359"
1197,"Toyota","Tundra",2013,"8361"
1198,"Toyota","Tundra",2013,"8363"
1199,"Toyota","Tundra",2013,"8372"
1200,"Toyota","Tundra",2013,"8374"
1201,"Lexus","IS",2015,"9516"
1202,"Toyota","Tundra",2015,"8228"
1203,"Toyota","Tundra",2015,"8239"
1204,"Toyota","Tundra",2015,"8240"
1205,"Toyota","Tundra",2015,"8241"
1206,"Toyota","Tundra",2015,"8242"
1207,"Toyota","Tundra",2015,"8272"
1208,"Toyota","Tundra",2015,"8275"
1209,"Toyota","Tundra",2015,"8276"
1210,"Toyota","Tundra",2015,"8327"
1211,"Toyota","Tundra",2015,"8328"
1212,"Toyota","Tundra",2015,"8340"
1213,"Toyota","Tundra",2015,"8341"
1214,"Toyota","Tundra",2015,"8342"
1215,"Toyota","Tundra",2015,"8345"
1216,"Toyota","Tundra",2015,"8346"
1217,"Toyota","Tundra",2015,"8372"
1218,"Toyota","Tundra",2015,"8374"
1219,"Toyota","Tundra",2015,"8375"
1220,"Toyota","Tundra",2015,"8376"
1221,"Toyota","Tundra",2015,"8377"
1222,"Toyota","Camry Hybrid",2015,"2559"
1223,"Toyota","Camry Hybrid",2015,"2560"
1224,"Toyota","Camry Hybrid",2015,"2561"
1225,"Lexus","RX",2015,"9427"
1226,"Lexus","NX",2015,"9830"
1227,"Lexus","NX",2015,"9834"
1228,"Scion","FR-S",2013,"6258"
1229,"Scion","FR-S",2013,"6259"
1230,"Toyota","Camry",2014,"2540"
1231,"Toyota","Camry",2014,"2546"
1232,"Toyota","Camry",2014,"2548"
1233,"Toyota","Camry",2014,"2550"
1234,"Toyota","Camry",2014,"2554"
1235,"Toyota","Camry Hybrid",2014,"2559"
1236,"Toyota","Camry Hybrid",2014,"2560"
1237,"Toyota","Sienna",2014,"5302"
1238,"Toyota","Sienna",2014,"5328"
1239,"Toyota","Sienna",2014,"5335"
1240,"Toyota","Sienna",2014,"5356"
1241,"Toyota","Sienna",2014,"5366"
1242,"Toyota","Sienna",2014,"5376"
1243,"Toyota","Sienna",2014,"5386"
1244,"Toyota","Tundra",2016,"8228"
1245,"Toyota","Tundra",2016,"8231"
1246,"Toyota","Tundra",2016,"8232"
1247,"Toyota","Tundra",2016,"8235"
1248,"Toyota","Tundra",2016,"8246"
1249,"Toyota","Tundra",2016,"8252"
1250,"Toyota","Tundra",2016,"8254"
1251,"Toyota","Tundra",2016,"8259"
1252,"Toyota","Tundra",2016,"8261"
1253,"Toyota","Tundra",2016,"8328"
1254,"Toyota","Tundra",2016,"8331"
1255,"Toyota","Tundra",2016,"8332"
1256,"Toyota","Tundra",2016,"8335"
1257,"Toyota","Tundra",2016,"8336"
1258,"Toyota","Tundra",2016,"8346"
1259,"Toyota","Tundra",2016,"8351"
1260,"Toyota","Tundra",2016,"8352"
1261,"Toyota","Tundra",2016,"8354"
1262,"Toyota","Tundra",2016,"8359"
1263,"Toyota","Tundra",2016,"8374"
1264,"Toyota","Tundra",2016,"8375"
1265,"Toyota","Tundra",2016,"8376"
1266,"Toyota","Tundra",2016,"8377"
1267,"Toyota","Tundra",2016,"8378"
1268,"Toyota","Venza",2012,"2830"
1269,"Toyota","Venza",2012,"2832"
1270,"Toyota","Venza",2012,"2834"
1271,"Toyota","Venza",2012,"2836"
1272,"Toyota","Venza",2012,"2842"
1273,"Toyota","Venza",2012,"2846"
1274,"Lexus","ES",2015,"9003"
1275,"Lexus","GS",2015,"9303"
1276,"Lexus","GS",2015,"9307"
1277,"Lexus","IS",2015,"9503"
1278,"Lexus","IS",2015,"9507"
1279,"Lexus","GX",2016,"9700"
1280,"Lexus","GX",2016,"9710"
1281,"Toyota","Sienna",2016,"5335"
1282,"Toyota","Sienna",2016,"5337"
1283,"Toyota","Sienna",2016,"5338"
1284,"Toyota","Sienna",2016,"5342"
1285,"Toyota","Sienna",2016,"5343"
1286,"Toyota","Sienna",2016,"5366"
1287,"Toyota","Sienna",2016,"5376"
1288,"Toyota","Sienna",2016,"5377"
1289,"Toyota","Sienna",2016,"5386"
1290,"Toyota","Sienna",2016,"5387"
1291,"Scion","xB",2012,"6208"
1292,"Scion","xB",2012,"6209"
1293,"Toyota","Prius",2012,"1221"
1294,"Toyota","Prius",2012,"1223"
1295,"Toyota","Prius",2012,"1225"
1296,"Toyota","Prius",2012,"1227"
1297,"Toyota","Prius",2012,"1229"
1298,"Toyota","RAV4",2012,"4430"
1299,"Toyota","RAV4",2012,"4431"
1300,"Toyota","RAV4",2012,"4432"
1301,"Toyota","RAV4",2012,"4433"
1302,"Toyota","RAV4",2012,"4440"
1303,"Toyota","RAV4",2012,"4441"
1304,"Toyota","RAV4",2012,"4442"
1305,"Toyota","RAV4",2012,"4443"
1306,"Toyota","RAV4",2012,"4450"
1307,"Toyota","RAV4",2012,"4451"
1308,"Toyota","RAV4",2012,"4452"
1309,"Toyota","RAV4",2012,"4453"
1310,"Lexus","LX",2013,"9620"
1311,"Toyota","Corolla",2013,"1844"
1312,"Toyota","Corolla",2013,"1848"
1313,"Toyota","Venza",2014,"2810"
1314,"Toyota","Venza",2014,"2834"
1315,"Toyota","Venza",2014,"2836"
1316,"Toyota","Venza",2014,"2842"
1317,"Toyota","Venza",2014,"2846"
1318,"Toyota","Sequoia",2014,"7917"
1319,"Toyota","Sequoia",2014,"7940"
1320,"Toyota","Sequoia",2014,"7942"
1321,"Toyota","Sequoia",2014,"7944"
1322,"Toyota","Yaris",2014,"1425"
1323,"Toyota","Yaris",2014,"1426"
1324,"Toyota","Yaris",2014,"1428"
1325,"Toyota","Tacoma",2014,"7504"
1326,"Toyota","Tacoma",2014,"7513"
1327,"Toyota","Tacoma",2014,"7514"
1328,"Toyota","Tacoma",2014,"7553"
1329,"Toyota","Tacoma",2014,"7554"
1330,"Toyota","Prius C",2015,"1201"
1331,"Toyota","Prius C",2015,"1203"
1332,"Toyota","Avalon",2012,"3544"
1333,"Toyota","Avalon",2012,"3554"
1334,"Toyota","4Runner",2012,"8642"
1335,"Toyota","4Runner",2012,"8648"
1336,"Toyota","4Runner",2012,"8664"
1337,"Toyota","4Runner",2012,"8668"
1338,"Toyota","4Runner",2012,"8670"
1339,"Lexus","RX",2013,"9420"
1340,"Lexus","RX",2013,"9424"
1341,"Toyota","Tacoma",2014,"7104"
1342,"Toyota","Tacoma",2014,"7113"
1343,"Toyota","Tacoma",2014,"7114"
1344,"Toyota","Tacoma",2014,"7162"
1345,"Toyota","Tacoma",2014,"7164"
1346,"Toyota","4Runner",2014,"8666"
1347,"Toyota","4Runner",2014,"8672"
1348,"Lexus","NX",2015,"9820"
1349,"Lexus","NX",2015,"9824"
1350,"Toyota","Venza",2016,"2834"
1351,"Toyota","Venza",2016,"2836"
1352,"Toyota","Venza",2016,"2846"
1353,"Lexus","LS",2013,"9120"
1354,"Lexus","LS",2013,"9126"
1355,"Toyota","Highlander",2013,"6944"
1356,"Toyota","Highlander",2013,"6947"
1357,"Toyota","Highlander",2013,"6949"
1358,"Scion","IQ",2014,"6242"
1359,"Toyota","Avalon Hybrid",2014,"3514"
1360,"Scion","xB",2015,"6202"
1361,"Scion","xB",2015,"6203"
1362,"Toyota","Sequoia",2013,"7917"
1363,"Toyota","Sequoia",2013,"7919"
1364,"Toyota","Sequoia",2013,"7927"
1365,"Toyota","Venza",2015,"2820"
1366,"Toyota","Venza",2015,"2830"
1367,"Toyota","Venza",2015,"2832"
1368,"Toyota","Venza",2015,"2834"
1369,"Toyota","Venza",2015,"2836"
1370,"Toyota","Tacoma",2015,"7182"
1371,"Toyota","Tacoma",2015,"7186"
1372,"Toyota","Tacoma",2015,"7188"
1373,"Toyota","Tacoma",2015,"7190"
1374,"Toyota","Tacoma",2015,"7513"
1375,"Toyota","Tacoma",2015,"7596"
1376,"Toyota","Sequoia",2015,"7917"
1377,"Toyota","Sequoia",2015,"7919"
1378,"Toyota","Sequoia",2015,"7927"
1379,"Toyota","Sequoia",2015,"7929"
1380,"Toyota","Prius V",2015,"1247"
1381,"Toyota","Prius PHV",2012,"1235"
1382,"Toyota","Prius",2012,"1239"
1383,"Toyota","Land Cruiser",2013,"6156"
1384,"Toyota","Prius C",2012,"1201"
1385,"Toyota","Prius C",2012,"1203"
1386,"Toyota","Prius C",2012,"1205"
1387,"Toyota","Prius C",2012,"1207"
1388,"Toyota","Prius C",2013,"1201"
1389,"Toyota","4Runner",2016,"8666"
1390,"Toyota","4Runner",2016,"8668"
1391,"Toyota","4Runner",2016,"8670"
1392,"Toyota","4Runner",2016,"8672"
1393,"Toyota","4Runner",2016,"8674"
1394,"Toyota","Prius Liftback",2013,"1228"
1395,"Toyota","Camry Hybrid",2013,"2559"
1396,"Toyota","Camry Hybrid",2013,"2560"
1397,"Scion","xB",2013,"6209"
1398,"Lexus","LX",2014,"9620"
1399,"Toyota","Prius C",2014,"1201"
1400,"Toyota","Prius C",2014,"1203"
1401,"Toyota","Venza",2015,"2810"
1402,"Toyota","Venza",2015,"2846"
1403,"Toyota","Tacoma",2015,"7113"
1404,"Toyota","Tacoma",2015,"7114"
1405,"Toyota","Tacoma",2015,"7162"
1406,"Toyota","Tacoma",2015,"7164"
1407,"Toyota","Tacoma",2015,"7514"
1408,"Toyota","Tacoma",2015,"7553"
1409,"Toyota","Tacoma",2015,"7554"
1410,"Toyota","Tacoma",2015,"7593"
1411,"Toyota","Tacoma",2015,"7594"
1412,"Toyota","Sequoia",2015,"7931"
1413,"Toyota","Sequoia",2015,"7933"
1414,"Toyota","Sequoia",2015,"7940"
1415,"Toyota","Sequoia",2015,"7942"
1416,"Toyota","Sequoia",2015,"7944"
1417,"Lexus","LS",2015,"9100"
1418,"Lexus","LS",2015,"9106"
1419,"Lexus","NX Hybrid",2015,"9840"
1420,"Lexus","NX Hybrid",2015,"9844"
1421,"Toyota","4Runner",2016,"8642"
1422,"Toyota","4Runner",2016,"8646"
1423,"Toyota","4Runner",2016,"8648"
1424,"Toyota","4Runner",2016,"8664"
1425,"Toyota","Camry",2013,"2514"
1426,"Toyota","Camry",2013,"2532"
1427,"Toyota","Camry",2013,"2540"
1428,"Toyota","Camry",2013,"2546"
1429,"Toyota","Camry",2013,"2550"
1430,"Toyota","Camry",2013,"2554"
1431,"Scion","FR-S",2014,"6252"
1432,"Scion","FR-S",2014,"6253"
1433,"Toyota","Venza",2014,"2812"
1434,"Toyota","Venza",2014,"2820"
1435,"Toyota","Venza",2014,"2822"
1436,"Toyota","Venza",2014,"2830"
1437,"Toyota","Venza",2014,"2832"
1438,"Toyota","Sequoia",2014,"7919"
1439,"Toyota","Sequoia",2014,"7927"
1440,"Toyota","Sequoia",2014,"7929"
1441,"Toyota","Sequoia",2014,"7931"
1442,"Toyota","Sequoia",2014,"7933"
1443,"Toyota","Tundra",2014,"8261"
1444,"Toyota","Tundra",2014,"8359"
1445,"Toyota","Tundra",2014,"8361"
1446,"Toyota","Tundra",2014,"8363"
1447,"Toyota","FJ",2014,"4702"
1448,"Toyota","FJ",2014,"4703"
1449,"Toyota","Land Cruiser",2014,"6156"
1450,"Toyota","Tundra",2014,"8276"
1451,"Toyota","Tundra",2014,"8378"
1452,"Toyota","RAV4",2014,"4450"
1453,"Toyota","RAV4",2014,"4452"
1454,"Scion","xB",2014,"6208"
1455,"Scion","IQ",2014,"6248"
1456,"Toyota","Corolla",2014,"1852"
1457,"Toyota","Corolla",2014,"1854"
1458,"Toyota","Corolla",2014,"1856"
1459,"Toyota","Corolla",2014,"1862"
1460,"Toyota","Corolla",2014,"1863"
1461,"Toyota","Corolla",2014,"1864"
1462,"Toyota","Corolla",2014,"1866"
1463,"Toyota","Corolla",2014,"1872"
1464,"Toyota","Corolla",2014,"1874"
1465,"Toyota","Corolla",2014,"1876"
1466,"Toyota","RAV4 EV",2014,"4480"
1467,"Toyota","4Runner",2014,"8642"
1468,"Toyota","4Runner",2014,"8668"
1469,"Toyota","4Runner",2014,"8670"
1470,"Toyota","Prius PHV",2014,"1237"
1471,"Lexus","RX Hybrid",2015,"9440"
1472,"Lexus","RX Hybrid",2015,"9444"
1473,"Scion","FR-S",2015,"6258"
1474,"Toyota","Corolla",2015,"1856"
1475,"Toyota","Corolla",2015,"1862"
1476,"Toyota","Corolla",2015,"1863"
1477,"Toyota","Corolla",2015,"1864"
1478,"Toyota","Corolla",2015,"1866"
1479,"Toyota","Highlander",2015,"6942"
1480,"Toyota","Highlander",2015,"6946"
1481,"Toyota","Highlander",2015,"6947"
1482,"Lexus","LX",2015,"9620"
1483,"Lexus","CT",2015,"9900"
1484,"Toyota","Camry",2015,"2532"
1485,"Toyota","Camry",2015,"2540"
1486,"Toyota","Corolla",2013,"1831"
1487,"Toyota","Corolla",2013,"1832"
1488,"Toyota","Corolla",2013,"1833"
1489,"Toyota","Corolla",2013,"1834"
1490,"Toyota","Corolla",2013,"1838"
1491,"Toyota","Sienna",2013,"5302"
1492,"Toyota","Sienna",2013,"5328"
1493,"Toyota","Sienna",2013,"5335"
1494,"Toyota","Sienna",2013,"5336"
1495,"Toyota","Sienna",2013,"5337"
1496,"Toyota","Sienna",2013,"5338"
1497,"Toyota","Sienna",2013,"5342"
1498,"Toyota","Sienna",2013,"5345"
1499,"Toyota","Sienna",2013,"5346"
1500,"Toyota","Sienna",2013,"5347"
1501,"Toyota","Sienna",2013,"5348"
1502,"Toyota","Sienna",2013,"5356"
1503,"Toyota","Sienna",2013,"5366"
1504,"Toyota","Sienna",2013,"5376"
1505,"Toyota","Sienna",2013,"5386"
1506,"Scion","xB",2014,"6202"
1507,"Toyota","Tundra",2015,"8321"
1508,"Toyota","Tundra",2015,"8351"
1509,"Toyota","Tundra",2015,"8371"
1510,"Toyota","Tundra",2015,"8373"
1511,"Toyota","4Runner",2015,"8674"
1512,"Lexus","GS",2015,"9300"
1513,"Lexus","GS",2015,"9306"
1514,"Lexus","GS Hybrid",2015,"9340"
1515,"Toyota","Prius C",2015,"1205"
1516,"Toyota","Prius C",2015,"1207"
1517,"Lexus","GX",2013,"9700"
1518,"Lexus","GX",2013,"9710"
1519,"Toyota","Tundra",2013,"8275"
1520,"Toyota","Tundra",2013,"8375"
1521,"Toyota","Tundra",2013,"8377"
1522,"Toyota","Prius Liftback",2013,"1221"
1523,"Toyota","Prius Liftback",2013,"1223"
1524,"Toyota","Tundra",2014,"8204"
1525,"Toyota","Tundra",2014,"8215"
1526,"Toyota","Tundra",2014,"8327"
1527,"Toyota","Tundra",2014,"8328"
1528,"Toyota","Tundra",2014,"8331"
1529,"Toyota","Tundra",2014,"8332"
1530,"Toyota","Tundra",2014,"8335"
1531,"Toyota","Tundra",2014,"8345"
1532,"Toyota","Tundra",2014,"8346"
1533,"Toyota","Tundra",2014,"8352"
1534,"Toyota","Tundra",2014,"8354"
1535,"Lexus","LS",2014,"9120"
1536,"Lexus","LS",2014,"9126"
1537,"Toyota","Highlander",2014,"6948"
1538,"Scion","IQ",2015,"6242"
1539,"Toyota","Avalon Hybrid",2015,"3506"
1540,"Toyota","Avalon Hybrid",2015,"3508"
1541,"Toyota","Avalon Hybrid",2015,"3514"
1542,"Toyota","Avalon",2015,"3544"
1543,"Toyota","Avalon",2015,"3546"
1544,"Lexus","ES",2015,"9000"
1545,"Lexus","ES",2015,"9040"
1546,"Toyota","Land Cruiser",2015,"6156"
1547,"Toyota","4Runner",2015,"8646"
1548,"Toyota","4Runner",2015,"8648"
1549,"Toyota","4Runner",2015,"8664"
1550,"Toyota","4Runner",2015,"8666"
1551,"Toyota","4Runner",2015,"8668"
1552,"Toyota","Sienna",2014,"5338"
1553,"Lexus","IS",2014,"9522"
1554,"Lexus","IS",2014,"9530"
1555,"Lexus","IS F",2014,"9550"
1556,"Toyota","Camry",2014,"2514"
1557,"Toyota","Camry",2014,"2532"
1558,"Toyota","Sienna",2014,"5337"
1559,"Toyota","Sienna",2014,"5342"
1560,"Toyota","Sienna",2014,"5345"
1561,"Toyota","Sienna",2014,"5347"
1562,"Toyota","Sienna",2014,"5348"
1563,"Scion","FR-S",2015,"6259"
1564,"Toyota","Corolla",2015,"1831"
1565,"Toyota","Corolla",2015,"1832"
1566,"Toyota","Corolla",2015,"1852"
1567,"Toyota","Corolla",2015,"1854"
1568,"Toyota","Corolla",2015,"1872"
1569,"Toyota","Corolla",2015,"1874"
1570,"Toyota","Corolla",2015,"1876"
1571,"Toyota","Highlander",2015,"6948"
1572,"Toyota","Highlander",2015,"6949"
1573,"Toyota","Highlander",2015,"6951"
1574,"Toyota","Highlander",2015,"6953"
1575,"Toyota","Highlander",2015,"6954"
1576,"Toyota","Highlander",2015,"6955"
1577,"Toyota","Highlander",2015,"6956"
1578,"Toyota","Highlander",2015,"6957"
1579,"Lexus","LS",2013,"9100"
1580,"Lexus","LS",2013,"9106"
1581,"Scion","tC",2014,"6222"
1582,"Scion","tC",2014,"6223"
1583,"Scion","tC",2014,"6228"
1584,"Scion","tC",2014,"6229"
1585,"Lexus","ES",2014,"9000"
1586,"Lexus","ES",2014,"9040"
1587,"Scion","xD",2014,"6232"
1588,"Scion","xD",2014,"6233"
1589,"Toyota","FJ",2014,"4704"
1590,"Toyota","Highlander",2014,"6947"
1591,"Toyota","Highlander",2014,"6949"
1592,"Toyota","Highlander",2014,"6951"
1593,"Toyota","Highlander",2014,"6954"
1594,"Lexus","GS",2014,"9300"
1595,"Lexus","GS",2014,"9306"
1596,"Toyota","Prius Liftback",2014,"1225"
1597,"Toyota","Prius Liftback",2014,"1227"
1598,"Toyota","Prius Liftback",2014,"1229"
1599,"Toyota","Highlander",2014,"6942"
1600,"Toyota","Highlander",2014,"6946"
1601,"Lexus","GX",2015,"9710"
1602,"Toyota","Prius Liftback",2015,"1225"
1603,"Toyota","Prius Liftback",2015,"1227"
1604,"Toyota","Prius Liftback",2015,"1228"
1605,"Toyota","Prius Liftback",2015,"1229"
1606,"Toyota","Prius PHV",2015,"1235"
1607,"Toyota","RAV4",2015,"4452"
1608,"Toyota","Sienna",2015,"5302"
1609,"Toyota","Sienna",2015,"5328"
1610,"Toyota","Sienna",2015,"5335"
1611,"Toyota","Sienna",2015,"5337"
1612,"Toyota","Sienna",2015,"5366"
1613,"Toyota","Sienna",2015,"5376"
1614,"Toyota","Sienna",2015,"5386"
1615,"Toyota","Avalon",2015,"3548"
1616,"Toyota","Avalon",2015,"3554"
1617,"Toyota","Sienna",2015,"5357"
1618,"Toyota","Sienna",2015,"5377"
1619,"Toyota","Tacoma",2015,"7598"
1620,"Lexus","LS",2015,"9120"
1621,"Lexus","LS",2015,"9126"
1622,"Lexus","LS Hybrid",2015,"9140"
1623,"Toyota","Prius V",2015,"1243"
1624,"Toyota","Prius V",2015,"1245"
1625,"Toyota","Prius V",2015,"1249"
1626,"Toyota","Avalon",2015,"3549"
1627,"Scion","FR-S",2016,"6252"
1628,"Scion","FR-S",2016,"6253"
1629,"Toyota","Venza",2016,"2820"
1630,"Toyota","Venza",2016,"2830"
1631,"Toyota","Venza",2016,"2832"
1632,"Scion","tC",2016,"6222"
1633,"Scion","tC",2016,"6223"
1634,"Lexus","ES",2016,"9000"
1635,"Lexus","ES",2016,"9040"
1636,"Toyota","Prius V",2016,"1243"
1637,"Toyota","Prius V",2016,"1245"
1638,"Toyota","Prius V",2016,"1247"
1639,"Toyota","Prius V",2016,"1249"
1640,"Toyota","Corolla",2016,"1831"
1641,"Toyota","Corolla",2016,"1832"
1642,"Toyota","Corolla",2016,"1852"
1643,"Toyota","Corolla",2016,"1854"
1644,"Toyota","Corolla",2016,"1856"
1645,"Toyota","Corolla",2016,"1862"
1646,"Toyota","Corolla",2016,"1863"
1647,"Toyota","Corolla",2016,"1864"
1648,"Toyota","Corolla",2016,"1866"
1649,"Toyota","Corolla",2016,"1872"
1650,"Toyota","Camry",2012,"2548"
1651,"Toyota","Avalon",2013,"3544"
1652,"Toyota","Avalon",2013,"3546"
1653,"Toyota","Avalon",2013,"3554"
1654,"Scion","xB",2013,"6202"
1655,"Scion","xB",2013,"6203"
1656,"Toyota","RAV4 EV",2013,"4480"
1657,"Lexus","IS",2014,"9510"
1658,"Lexus","IS",2014,"9516"
1659,"Toyota","Tundra",2014,"8228"
1660,"Toyota","Tundra",2014,"8239"
1661,"Toyota","Tundra",2014,"8240"
1662,"Toyota","Tundra",2014,"8241"
1663,"Toyota","Tundra",2014,"8242"
1664,"Toyota","Tundra",2014,"8259"
1665,"Toyota","Tundra",2014,"8372"
1666,"Toyota","Tundra",2014,"8374"
1667,"Toyota","Tundra",2014,"8375"
1668,"Toyota","Tundra",2014,"8377"
1669,"Lexus","LS Hybrid",2014,"9140"
1670,"Toyota","Yaris",2014,"1470"
1671,"Toyota","Yaris",2014,"1474"
1672,"Toyota","Tacoma",2014,"7103"
1673,"Toyota","Tacoma",2014,"7182"
1674,"Toyota","Tacoma",2014,"7186"
1675,"Toyota","Tacoma",2014,"7188"
1676,"Toyota","Tacoma",2014,"7190"
1677,"Toyota","Tacoma",2014,"7503"
1678,"Toyota","Tacoma",2014,"7593"
1679,"Toyota","Tacoma",2014,"7594"
1680,"Toyota","Tacoma",2014,"7596"
1681,"Toyota","Tundra",2014,"8376"
1682,"Toyota","4Runner",2014,"8646"
1683,"Toyota","Avalon",2014,"3554"
1684,"Lexus","GS Hybrid",2014,"9340"
1685,"Toyota","Prius C",2014,"1205"
1686,"Toyota","Prius C",2014,"1207"
1687,"Scion","tC",2014,"6224"
1688,"Scion","tC",2014,"6225"
1689,"Scion","tC",2015,"6222"
1690,"Scion","tC",2015,"6223"
1691,"Toyota","4Runner",2015,"8642"
1692,"Toyota","4Runner",2015,"8670"
1693,"Toyota","4Runner",2015,"8672"
1694,"Lexus","RC",2015,"9212"
1695,"Lexus","RC",2015,"9216"
1696,"Lexus","RC F",2015,"9225"
1697,"Toyota","Venza",2016,"2810"
1698,"Toyota","Corolla",2016,"1874"
1699,"Toyota","Corolla",2016,"1876"
1700,"Toyota","Camry",2016,"2532"
1701,"Toyota","Camry",2016,"2540"
1702,"Toyota","Camry",2016,"2546"
1703,"Toyota","Camry",2016,"2548"
1704,"Toyota","Camry",2016,"2550"
1705,"Toyota","Camry",2016,"2554"
1706,"Toyota","Camry Hybrid",2016,"2559"
1707,"Toyota","Camry Hybrid",2016,"2560"
1708,"Toyota","Camry Hybrid",2016,"2561"
1709,"Toyota","Tacoma",2016,"7162"
1710,"Toyota","Tacoma",2016,"7164"
1711,"Toyota","Tacoma",2016,"7182"
1712,"Toyota","Tacoma",2016,"7186"
1713,"Toyota","Tacoma",2016,"7513"
1714,"Toyota","Tacoma",2016,"7514"
1715,"Toyota","Tacoma",2016,"7558"
1716,"Toyota","Tacoma",2016,"7593"
1717,"Scion","tC",2013,"6222"
1718,"Scion","tC",2013,"6223"
1719,"Lexus","IS",2013,"9522"
1720,"Lexus","IS",2013,"9530"
1721,"Toyota","Yaris",2013,"1421"
1722,"Toyota","Yaris",2013,"1422"
1723,"Toyota","Yaris",2013,"1424"
1724,"Toyota","Yaris",2013,"1462"
1725,"Toyota","Yaris",2013,"1463"
1726,"Toyota","Yaris",2013,"1464"
1727,"Toyota","Yaris",2013,"1466"
1728,"Toyota","FJ",2013,"4702"
1729,"Toyota","FJ",2013,"4703"
1730,"Toyota","FJ",2013,"4704"
1731,"Toyota","Highlander",2013,"6942"
1732,"Toyota","Highlander",2013,"6946"
1733,"Toyota","Highlander",2013,"6948"
1734,"Toyota","Highlander",2013,"6951"
1735,"Toyota","Highlander",2013,"6953"
1736,"Toyota","Highlander",2013,"6954"
1737,"Toyota","Highlander",2013,"6956"
1738,"Toyota","Highlander Hybrid",2013,"6964"
1739,"Toyota","Highlander Hybrid",2013,"6966"
1740,"Toyota","Yaris",2014,"1421"
1741,"Toyota","Yaris",2014,"1422"
1742,"Toyota","Yaris",2014,"1424"
1743,"Toyota","Prius",2006,"1224"
1744,"Scion","xB",2014,"6203"
1745,"Toyota","Highlander",2014,"6953"
1746,"Toyota","Highlander",2014,"6956"
1747,"Toyota","Highlander",2014,"6955"
1748,"Toyota","Highlander",2014,"6957"
1749,"Toyota","Sienna",2015,"5343"
1750,"Toyota","Sienna",2015,"5349"
1751,"Toyota","Sienna",2015,"5387"
1752,"Toyota","Tacoma",2015,"7555"
1753,"Toyota","Tacoma",2015,"7556"
1754,"Toyota","Tacoma",2015,"7597"
1755,"Toyota","Tacoma",2016,"7594"
1756,"Toyota","Sequoia",2016,"7917"
1757,"Toyota","Sequoia",2016,"7919"
1758,"Toyota","Sequoia",2016,"7927"
1759,"Toyota","Sequoia",2016,"7929"
1760,"Toyota","Sequoia",2016,"7931"
1761,"Toyota","Sequoia",2016,"7933"
1762,"Toyota","Sequoia",2016,"7940"
1763,"Toyota","Sequoia",2016,"7942"
1764,"Toyota","Tundra",2016,"8239"
1765,"Toyota","Tundra",2016,"8240"
1766,"Toyota","Tundra",2016,"8241"
1767,"Toyota","Tundra",2016,"8242"
1768,"Toyota","Tundra",2016,"8245"
1769,"Toyota","Tundra",2016,"8272"
1770,"Toyota","Tundra",2016,"8275"
1771,"Toyota","Tundra",2016,"8276"
1772,"Toyota","Tundra",2016,"8321"
1773,"Toyota","Tundra",2016,"8327"
1774,"Toyota","Tundra",2016,"8339"
1775,"Toyota","Tundra",2016,"8340"
1776,"Toyota","Tundra",2016,"8341"
1777,"Toyota","Tundra",2016,"8342"
1778,"Toyota","Tundra",2016,"8345"
1779,"Toyota","Tundra",2016,"8361"
1780,"Toyota","Tundra",2016,"8363"
1781,"Toyota","Tundra",2016,"8371"
1782,"Toyota","Tundra",2016,"8372"
1783,"Toyota","Tundra",2016,"8373"
1784,"Lexus","IS",2016,"9502"
1785,"Lexus","IS",2016,"9506"
1786,"Lexus","IS",2016,"9510"
1787,"Lexus","IS",2016,"9516"
1788,"Lexus","CT",2016,"9900"
1789,"Toyota","Sienna",2016,"5302"
1790,"Toyota","Sienna",2016,"5328"
1791,"Toyota","Sienna",2016,"5345"
1792,"Toyota","Sienna",2016,"5348"
1793,"Toyota","RAV4",2013,"4430"
1794,"Toyota","RAV4",2013,"4432"
1795,"Scion","xB",2013,"6208"
1796,"Scion","xD",2013,"6238"
1797,"Scion","xD",2013,"6239"
1798,"Lexus","GX",2014,"9700"
1799,"Lexus","GX",2014,"9710"
1800,"Toyota","Avalon",2014,"3544"
1801,"Toyota","Avalon",2014,"3546"
1802,"Toyota","Avalon",2014,"3548"
1803,"Toyota","Prius PHV",2014,"1235"
1804,"Toyota","RAV4",2014,"4430"
1805,"Toyota","RAV4",2014,"4432"
1806,"Toyota","RAV4",2014,"4440"
1807,"Toyota","RAV4",2014,"4442"
1808,"Toyota","Highlander Hybrid",2014,"6966"
1809,"Toyota","Highlander Hybrid",2014,"6967"
1810,"Lexus","CT",2014,"9900"
1811,"Lexus","RX",2015,"9420"
1812,"Lexus","RX",2015,"9424"
1813,"Lexus","RX",2015,"9426"
1814,"Scion","FR-S",2014,"6254"
1815,"Scion","FR-S",2014,"6255"
1816,"Scion","FR-S",2015,"6252"
1817,"Scion","FR-S",2015,"6253"
1818,"Toyota","Yaris",2015,"1424"
1819,"Toyota","Yaris",2015,"1462"
1820,"Toyota","Yaris",2015,"1463"
1821,"Toyota","Yaris",2015,"1464"
1822,"Toyota","Yaris",2015,"1466"
1823,"Scion","IQ",2015,"6248"
1824,"Toyota","Prius Liftback",2015,"1221"
1825,"Toyota","Prius Liftback",2015,"1223"
1826,"Toyota","Prius PHV",2015,"1237"
1827,"Toyota","RAV4",2015,"4430"
1828,"Toyota","RAV4",2015,"4432"
1829,"Toyota","RAV4",2015,"4440"
1830,"Toyota","RAV4",2015,"4442"
1831,"Toyota","RAV4",2015,"4450"
1832,"Toyota","Sienna",2015,"5338"
1833,"Toyota","Sienna",2015,"5342"
1834,"Toyota","Sienna",2015,"5345"
1835,"Toyota","Sienna",2015,"5348"
1836,"Toyota","Sienna",2015,"5356"
1837,"Toyota","Camry",2015,"2546"
1838,"Toyota","Camry",2015,"2548"
1839,"Toyota","Camry",2015,"2550"
1840,"Toyota","Camry",2015,"2554"
1841,"Scion","tC",2015,"6228"
1842,"Scion","tC",2015,"6229"
1843,"Toyota","Sequoia",2016,"7944"
1844,"Toyota","Sienna",2016,"5349"
1845,"Toyota","Sienna",2016,"5356"
1846,"Toyota","Sienna",2016,"5357"
1847,"Toyota","Land Cruiser",2016,"6156"
1848,"Lexus","LS",2016,"9120"
1849,"Lexus","LS",2016,"9126"
1850,"Lexus","RX",2016,"9420"
1851,"Lexus","RX",2016,"9424"
1852,"Lexus","RX Hybrid",2016,"9440"
1853,"Lexus","RX Hybrid",2016,"9444"
1854,"Lexus","GS Hybrid",2013,"9340"
1855,"Lexus","ES",2013,"9000"
1856,"Toyota","Sequoia",2013,"7929"
1857,"Toyota","Sequoia",2013,"7931"
1858,"Toyota","Sequoia",2013,"7933"
1859,"Toyota","Sequoia",2013,"7940"
1860,"Toyota","Sequoia",2013,"7942"
1861,"Toyota","Sequoia",2013,"7944"
1862,"Toyota","Tacoma",2013,"7103"
1863,"Toyota","Tacoma",2013,"7104"
1864,"Toyota","Tacoma",2013,"7113"
1865,"Toyota","Tacoma",2013,"7114"
1866,"Toyota","Tacoma",2013,"7153"
1867,"Toyota","Tacoma",2013,"7162"
1868,"Toyota","Tacoma",2013,"7164"
1869,"Toyota","Tacoma",2013,"7182"
1870,"Toyota","Tacoma",2013,"7186"
1871,"Toyota","Tacoma",2013,"7188"
1872,"Toyota","Tacoma",2013,"7190"
1873,"Toyota","Tacoma",2013,"7503"
1874,"Toyota","Tacoma",2013,"7504"
1875,"Toyota","Tacoma",2013,"7513"
1876,"Toyota","Tacoma",2013,"7514"
1877,"Toyota","Tacoma",2013,"7553"
1878,"Toyota","Tacoma",2013,"7554"
1879,"Toyota","Tacoma",2013,"7593"
1880,"Toyota","Tacoma",2013,"7594"
1881,"Toyota","Tacoma",2013,"7596"
1882,"Lexus","IS",2013,"9506"
1883,"Lexus","IS",2013,"9510"
1884,"Lexus","IS",2013,"9516"
1885,"Lexus","CT",2013,"9900"
1886,"Scion","xD",2013,"6232"
1887,"Scion","xD",2013,"6233"
1888,"Lexus","ES",2013,"9040"
1889,"Lexus","RX",2013,"9426"
1890,"Lexus","LS Hybrid",2013,"9140"
1891,"Lexus","RX Hybrid",2013,"9440"
1892,"Lexus","RX Hybrid",2013,"9444"
1893,"Toyota","4Runner",2013,"8642"
1894,"Toyota","4Runner",2013,"8648"
1895,"Toyota","4Runner",2013,"8664"
1896,"Toyota","4Runner",2013,"8668"
1897,"Toyota","4Runner",2013,"8670"
1898,"Toyota","Prius Liftback",2013,"1225"
1899,"Toyota","Prius Liftback",2013,"1227"
1900,"Toyota","Prius Liftback",2013,"1229"
1901,"Toyota","Prius PHV",2013,"1235"
1902,"Toyota","Prius PHV",2013,"1239"
1903,"Toyota","Prius V",2013,"1243"
1904,"Toyota","Prius V",2013,"1245"
1905,"Toyota","Prius V",2013,"1249"
1906,"Toyota","Avalon Hybrid",2013,"3506"
1907,"Toyota","Avalon Hybrid",2013,"3508"
1908,"Toyota","Avalon Hybrid",2013,"3514"
1909,"Toyota","Avalon",2013,"3548"
1910,"Toyota","RAV4",2013,"4440"
1911,"Toyota","RAV4",2013,"4442"
1912,"Toyota","RAV4",2013,"4450"
1913,"Toyota","RAV4",2013,"4452"
1914,"Toyota","Prius C",2013,"1203"
1915,"Toyota","Prius C",2013,"1205"
1916,"Toyota","Prius C",2013,"1207"
1917,"Lexus","IS",2014,"9502"
1918,"Lexus","IS",2014,"9506"
1919,"Toyota","Yaris",2014,"1462"
1920,"Toyota","Yaris",2014,"1466"
1921,"Toyota","Yaris",2014,"1463"
1922,"Toyota","Yaris",2014,"1464"
1923,"Toyota","Inactive",2014,"1472"
1924,"Toyota","Corolla",2014,"1831"
1925,"Toyota","Corolla",2014,"1832"
1926,"Toyota","Tundra",2014,"8245"
1927,"Toyota","Tundra",2014,"8246"
1928,"Toyota","Tundra",2014,"8252"
1929,"Toyota","Tundra",2014,"8272"
1930,"Toyota","Tundra",2014,"8275"
1931,"Toyota","Tundra",2014,"8336"
1932,"Toyota","Tundra",2014,"8339"
1933,"Toyota","Tundra",2014,"8340"
1934,"Toyota","Tundra",2014,"8341"
1935,"Toyota","Tundra",2014,"8342"
1936,"Lexus","RX",2014,"9420"
1937,"Lexus","RX",2014,"9424"
1938,"Lexus","RX",2014,"9426"
1939,"Lexus","RX Hybrid",2014,"9440"
1940,"Lexus","RX Hybrid",2014,"9444"
1941,"Toyota","Prius V",2014,"1243"
1942,"Toyota","Prius V",2014,"1245"
1943,"Toyota","Prius V",2014,"1249"
1944,"Toyota","4Runner",2014,"8648"
1945,"Toyota","4Runner",2014,"8664"
1946,"Toyota","Avalon Hybrid",2014,"3506"
1947,"Toyota","Avalon Hybrid",2014,"3508"
1948,"Lexus","LS",2014,"9100"
1949,"Lexus","LS",2014,"9106"
1950,"Toyota","Camry Hybrid",2014,"2561"
1951,"Toyota","Yaris",2015,"1421"
1952,"Toyota","Yaris",2015,"1422"
1953,"Lexus","IS",2015,"9522"
1954,"Lexus","IS",2015,"9530"
1955,"Lexus","GX",2015,"9700"
1956,"Scion","iM",2016,"6273"
1957,"Toyota","Avalon Hybrid",2016,"3506"
1958,"Toyota","Avalon Hybrid",2016,"3508"
1959,"Toyota","Avalon Hybrid",2016,"3514"
1960,"Toyota","Avalon",2016,"3544"
1961,"Toyota","Avalon",2016,"3546"
1962,"Toyota","Avalon",2016,"3548"
1963,"Toyota","Avalon",2016,"3554"
1964,"Toyota","Highlander Hybrid",2016,"6966"
1965,"Toyota","Highlander Hybrid",2016,"6967"
1966,"Toyota","Corolla",2016,"1865"
1967,"Toyota","Camry",2016,"2547"
1968,"Toyota","Highlander",2016,"6942"
1969,"Toyota","Highlander",2016,"6946"
1970,"Toyota","Highlander",2016,"6947"
1971,"Toyota","Highlander",2016,"6948"
1972,"Toyota","Highlander",2016,"6949"
1973,"Toyota","Highlander",2016,"6951"
1974,"Toyota","Highlander",2016,"6953"
1975,"Toyota","Highlander",2016,"6954"
1976,"Toyota","Highlander",2016,"6955"
1977,"Toyota","Highlander",2016,"6956"
1978,"Toyota","Highlander",2016,"6957"
1979,"Toyota","Tacoma",2016,"7122"
1980,"Toyota","Tacoma",2016,"7126"
1981,"Toyota","Tacoma",2016,"7128"
1982,"Toyota","Tacoma",2016,"7146"
1983,"Toyota","Tacoma",2016,"7148"
1984,"Toyota","Tacoma",2016,"7150"
1985,"Toyota","Tacoma",2016,"7170"
1986,"Toyota","Tacoma",2016,"7172"
1987,"Toyota","Tacoma",2016,"7185"
1988,"Toyota","Tacoma",2016,"7516"
1989,"Toyota","Tacoma",2016,"7540"
1990,"Toyota","Tacoma",2016,"7542"
1991,"Toyota","Tacoma",2016,"7543"
1992,"Toyota","Tacoma",2016,"7544"
1993,"Toyota","Tacoma",2016,"7545"
1994,"Toyota","Tacoma",2016,"7559"
1995,"Toyota","Tacoma",2016,"7560"
1996,"Toyota","Tacoma",2016,"7562"
1997,"Toyota","Tacoma",2016,"7570"
1998,"Toyota","Tacoma",2016,"7582"
1999,"Toyota","Tundra",2016,"8229"
2000,"Toyota","Tundra",2016,"8236"
2001,"Toyota","Tundra",2016,"8263"
2002,"Toyota","Tundra",2016,"8274"
2003,"Toyota","Tundra",2016,"8277"
2004,"Toyota","Tundra",2016,"8278"
2005,"Scion","iA",2016,"6262"
2006,"Scion","iA",2016,"6263"
2007,"Lexus","NX Hybrid",2016,"9840"
2008,"Lexus","NX Hybrid",2016,"9844"
2009,"Toyota","RAV4",2016,"4430"
2010,"Toyota","RAV4",2016,"4432"
2011,"Toyota","RAV4",2016,"4440"
2012,"Lexus","LS",2016,"9100"
2013,"Lexus","LS",2016,"9106"
2014,"Lexus","RC F",2016,"9225"
2015,"Lexus","GS Hybrid",2016,"9340"
2016,"Lexus","RC",2016,"9212"
2017,"Lexus","RC",2016,"9216"
2018,"Lexus","GS",2016,"9300"
2019,"Lexus","GS",2016,"9306"
2020,"Lexus","GS",2016,"9301"
2021,"Lexus","RX Hybrid",2016,"9446"
2022,"Toyota","RAV Hybrid",2016,"4444"
2023,"Toyota","RAV Hybrid",2016,"4454"
2024,"Toyota","RAV4",2016,"4470"
2025,"Toyota","RAV4",2016,"4472"
2026,"Toyota","Prius C",2016,"1201"
2027,"Toyota","Prius C",2016,"1203"
2028,"Toyota","Prius C",2016,"1205"
2029,"Toyota","Prius C",2016,"1207"
2030,"Toyota","Prius Liftback",2016,"1223"
2031,"Toyota","Prius Liftback",2016,"1224"
2032,"Toyota","Prius Liftback",2016,"1225"
2033,"Toyota","Prius Liftback",2016,"1226"
2034,"Toyota","Prius Liftback",2016,"1227"
2035,"Toyota","Prius Liftback",2016,"1228"
2036,"Scion","FR-S",2016,"6258"
2037,"Scion","FR-S",2016,"6259"
2038,"Toyota","Prius C",2016,"1208"
2039,"Toyota","iM",2017,"6272"
2040,"Toyota","iM",2017,"6273"
2041,"Lexus","CT",2017,"9900"
2042,"Toyota","Yaris",2017,"1421"
2043,"Toyota","Yaris",2017,"1422"
2044,"Toyota","Yaris",2017,"1424"
2045,"Toyota","Yaris",2017,"1462"
2046,"Toyota","Yaris",2017,"1463"
2047,"Toyota","Yaris",2017,"1464"
2048,"Toyota","Yaris",2017,"1466"
2049,"Toyota","86",2017,"6252"
2050,"Toyota","86",2017,"6253"
2051,"Lexus","RX Hybrid",2017,"9444"
2052,"Lexus","RX Hybrid",2017,"9446"
2053,"Lexus","RX",2017,"9420"
2054,"Lexus","RX",2017,"9424"
2055,"Lexus","RX",2017,"9426"
2056,"Toyota","Tacoma",2017,"7122"
2057,"Toyota","Tacoma",2017,"7126"
2058,"Toyota","Tacoma",2017,"7128"
2059,"Toyota","Tacoma",2017,"7146"
2060,"Toyota","Tacoma",2017,"7148"
2061,"Toyota","Tacoma",2017,"7150"
2062,"Toyota","Tacoma",2017,"7162"
2063,"Toyota","Tacoma",2017,"7164"
2064,"Toyota","Tacoma",2017,"7170"
2065,"Toyota","Tacoma",2017,"7172"
2066,"Toyota","Tacoma",2017,"7182"
2067,"Toyota","Tacoma",2017,"7185"
2068,"Toyota","Tacoma",2017,"7186"
2069,"Toyota","Tacoma",2017,"7513"
2070,"Toyota","Tacoma",2017,"7514"
2071,"Toyota","Tacoma",2017,"7516"
2072,"Toyota","Tacoma",2017,"7540"
2073,"Toyota","Tacoma",2017,"7542"
2074,"Toyota","Tacoma",2017,"7543"
2075,"Toyota","Tacoma",2017,"7544"
2076,"Toyota","Tacoma",2017,"7545"
2077,"Toyota","Tacoma",2017,"7558"
2078,"Toyota","Tacoma",2017,"7559"
2079,"Toyota","Tacoma",2017,"7560"
2080,"Toyota","Tacoma",2017,"7562"
2081,"Toyota","Tacoma",2017,"7566"
2082,"Toyota","Tacoma",2017,"7568"
2083,"Toyota","Tacoma",2017,"7570"
2084,"Toyota","Tacoma",2017,"7582"
2085,"Toyota","Tacoma",2017,"7593"
2086,"Toyota","Tacoma",2017,"7594"
2087,"Toyota","Tacoma",2017,"7597"
2088,"Toyota","Tacoma",2017,"7598"
2089,"Toyota","Sienna",2017,"5302"
2090,"Toyota","Sienna",2017,"5328"
2091,"Toyota","Sienna",2017,"5335"
2092,"Toyota","Inactive",2017,"5337"
2093,"Toyota","Sienna",2017,"5338"
2094,"Toyota","Sienna",2017,"5342"
2095,"Toyota","Sienna",2017,"5343"
2096,"Toyota","Sienna",2017,"5345"
2097,"Toyota","Sienna",2017,"5348"
2098,"Toyota","Sienna",2017,"5349"
2099,"Scion","iM",2016,"6272"
2100,"Toyota","Mirai",2016,"3000"
2101,"Lexus","RX",2016,"9426"
2102,"Lexus","NX",2016,"9820"
2103,"Lexus","NX",2016,"9824"
2104,"Lexus","NX",2016,"9830"
2105,"Lexus","NX",2016,"9834"
2106,"Toyota","Tacoma",2016,"7566"
2107,"Toyota","Tacoma",2016,"7568"
2108,"Toyota","RAV4",2016,"4442"
2109,"Toyota","RAV4",2016,"4450"
2110,"Toyota","RAV4",2016,"4452"
2111,"Toyota","Yaris",2016,"1421"
2112,"Toyota","Yaris",2016,"1422"
2113,"Toyota","Yaris",2016,"1424"
2114,"Toyota","Yaris",2016,"1462"
2115,"Toyota","Yaris",2016,"1463"
2116,"Toyota","Yaris",2016,"1464"
2117,"Toyota","Yaris",2016,"1466"
2118,"Toyota","Avalon",2016,"3545"
2119,"Lexus","RC",2016,"9202"
2120,"Lexus","RC",2016,"9206"
2121,"Lexus","GS",2016,"9313"
2122,"Lexus","GS",2016,"9314"
2123,"Lexus","GS",2016,"9335"
2124,"Toyota","Prius V",2017,"1243"
2125,"Toyota","Prius V",2017,"1245"
2126,"Toyota","Prius V",2017,"1247"
2127,"Toyota","Prius V",2017,"1249"
2128,"Toyota","Camry",2017,"2532"
2129,"Toyota","Camry",2017,"2540"
2130,"Toyota","Camry",2017,"2546"
2131,"Toyota","Camry",2017,"2548"
2132,"Toyota","Camry",2017,"2550"
2133,"Toyota","Camry",2017,"2554"
2134,"Toyota","Camry Hybrid",2017,"2559"
2135,"Toyota","Camry Hybrid",2017,"2560"
2136,"Toyota","Camry Hybrid",2017,"2561"
2137,"Scion","tC",2016,"6228"
2138,"Scion","tC",2016,"6229"
2139,"Lexus","ES",2017,"9000"
2140,"Lexus","ES",2017,"9040"
2141,"Toyota","Sienna",2017,"5356"
2142,"Toyota","Sienna",2017,"5357"
2143,"Toyota","Sienna",2017,"5366"
2144,"Toyota","Sienna",2017,"5376"
2145,"Toyota","Sienna",2017,"5377"
2146,"Toyota","Sienna",2017,"5386"
2147,"Toyota","Sienna",2017,"5387"
2148,"Lexus","LX",2017,"9620"
2149,"Toyota","Corolla",2017,"1832"
2150,"Toyota","Corolla",2017,"1852"
2151,"Toyota","Corolla",2017,"1856"
2152,"Toyota","Corolla",2017,"1863"
2153,"Toyota","Corolla",2017,"1864"
2154,"Toyota","Corolla",2017,"1865"
2155,"Toyota","Corolla",2017,"1866"
2156,"Toyota","Corolla",2017,"1872"
2157,"Toyota","Corolla",2017,"1874"
2158,"Toyota","Tundra",2017,"8228"
2159,"Toyota","Tundra",2017,"8229"
2160,"Toyota","Tundra",2017,"8231"
2161,"Toyota","Tundra",2017,"8232"
2162,"Toyota","Tundra",2017,"8235"
2163,"Toyota","Tundra",2017,"8236"
2164,"Toyota","Tundra",2017,"8239"
2165,"Toyota","Tundra",2017,"8240"
2166,"Toyota","Tundra",2017,"8241"
2167,"Toyota","Tundra",2017,"8242"
2168,"Toyota","Tundra",2017,"8245"
2169,"Toyota","Tundra",2017,"8246"
2170,"Toyota","Tundra",2017,"8252"
2171,"Toyota","Tundra",2017,"8254"
2172,"Toyota","Tundra",2017,"8259"
2173,"Toyota","Tundra",2017,"8261"
2174,"Toyota","Tundra",2017,"8263"
2175,"Toyota","Tundra",2017,"8272"
2176,"Toyota","Tundra",2017,"8274"
2177,"Toyota","Tundra",2017,"8275"
2178,"Toyota","Tundra",2017,"8276"
2179,"Toyota","Tundra",2017,"8277"
2180,"Toyota","Tundra",2017,"8278"
2181,"Toyota","Tundra",2017,"8321"
2182,"Toyota","Tundra",2017,"8327"
2183,"Toyota","Tundra",2017,"8328"
2184,"Toyota","Tundra",2017,"8331"
2185,"Toyota","Tundra",2017,"8332"
2186,"Toyota","Tundra",2017,"8335"
2187,"Toyota","Tundra",2017,"8336"
2188,"Toyota","Tundra",2017,"8339"
2189,"Toyota","Tundra",2017,"8340"
2190,"Toyota","Tundra",2017,"8341"
2191,"Toyota","Tundra",2017,"8342"
2192,"Toyota","Tundra",2017,"8345"
2193,"Toyota","Tundra",2017,"8346"
2194,"Toyota","Tundra",2017,"8351"
2195,"Toyota","Tundra",2017,"8352"
2196,"Toyota","Tundra",2017,"8354"
2197,"Toyota","Tundra",2017,"8359"
2198,"Toyota","Tundra",2017,"8361"
2199,"Toyota","Tundra",2017,"8363"
2200,"Toyota","Tundra",2017,"8371"
2201,"Toyota","Tundra",2017,"8372"
2202,"Toyota","Tundra",2017,"8373"
2203,"Toyota","Tundra",2017,"8374"
2204,"Toyota","Tundra",2017,"8375"
2205,"Toyota","Tundra",2017,"8376"
2206,"Toyota","Tundra",2017,"8377"
2207,"Toyota","Tundra",2017,"8378"
2208,"Lexus","GX",2017,"9700"
2209,"Lexus","GX",2017,"9710"
2210,"Toyota","iA",2017,"6262"
2211,"Toyota","iA",2017,"6263"
2212,"Toyota","RAV4",2017,"4430"
2213,"Toyota","RAV4",2017,"4432"
2214,"Toyota","RAV4",2017,"4440"
2215,"Toyota","RAV4",2017,"4442"
2216,"Toyota","RAV4",2017,"4450"
2217,"Toyota","RAV4",2017,"4452"
2218,"Toyota","Mirai",2017,"3000"
2219,"Toyota","Land Cruiser",2017,"6156"
2220,"Lexus","RX",2017,"9422"
2221,"Lexus","NX",2017,"9820"
2222,"Lexus","NX",2017,"9824"
2223,"Lexus","NX",2017,"9830"
2224,"Lexus","NX",2017,"9834"
2225,"Lexus","NX Hybrid",2017,"9844"
2226,"Toyota","Prius Liftback",2017,"1223"
2227,"Toyota","Prius Liftback",2017,"1224"
2228,"Toyota","Prius Liftback",2017,"1225"
2229,"Toyota","Prius Liftback",2017,"1226"
2230,"Toyota","Prius Liftback",2017,"1227"
2231,"Toyota","Prius Liftback",2017,"1228"
2232,"Toyota","Yaris",2017,"1460"
2233,"Toyota","86",2017,"6258"
2234,"Toyota","86",2017,"6259"
2235,"Toyota","Prius Liftback",2017,"1221"
2236,"Toyota","Corolla",2018,"1832"
2237,"Toyota","Corolla",2018,"1852"
2238,"Toyota","Corolla",2018,"1856"
2239,"Toyota","Corolla",2018,"1863"
2240,"Toyota","Corolla",2018,"1864"
2241,"Toyota","Corolla",2018,"1866"
2242,"Toyota","Corolla",2018,"1872"
2243,"Toyota","Corolla",2018,"1874"
2244,"Toyota","Land Cruiser",2018,"6156"
2245,"Lexus","LX",2018,"9620"
2246,"Lexus","GX",2018,"9700"
2247,"Lexus","GX",2018,"9710"
2248,"Toyota","RAV4",2018,"4430"
2249,"Toyota","RAV4",2018,"4432"
2250,"Toyota","RAV Hybrid",2018,"4436"
2251,"Toyota","RAV4",2018,"4440"
2252,"Toyota","RAV4",2018,"4442"
2253,"Toyota","RAV Hybrid",2018,"4444"
2254,"Toyota","RAV4",2018,"4450"
2255,"Toyota","RAV4",2018,"4452"
2256,"Toyota","RAV Hybrid",2018,"4454"
2257,"Toyota","RAV Hybrid",2018,"4456"
2258,"Toyota","RAV4",2018,"4470"
2259,"Toyota","RAV4",2018,"4472"
2260,"Toyota","RAV4",2018,"4474"
2261,"Toyota","RAV4",2018,"4476"
2262,"Lexus","ES",2018,"9000"
2263,"Lexus","IS",2018,"9502"
2264,"Lexus","IS",2018,"9506"
2265,"Lexus","IS",2018,"9510"
2266,"Lexus","IS",2018,"9516"
2267,"Lexus","NX",2018,"9820"
2268,"Lexus","NX",2018,"9824"
2269,"Lexus","NX",2018,"9830"
2270,"Lexus","NX",2018,"9834"
2271,"Lexus","NX Hybrid",2018,"9844"
2272,"Toyota","Camry",2018,"2514"
2273,"Lexus","GS",2017,"9335"
2274,"Lexus","GS Hybrid",2017,"9340"
2275,"Toyota","Avalon Hybrid",2017,"3506"
2276,"Toyota","Avalon Hybrid",2017,"3508"
2277,"Toyota","Avalon Hybrid",2017,"3514"
2278,"Toyota","Avalon",2017,"3544"
2279,"Toyota","Avalon",2017,"3545"
2280,"Toyota","Avalon",2017,"3546"
2281,"Toyota","Avalon",2017,"3548"
2282,"Toyota","Avalon",2017,"3554"
2283,"Lexus","RC",2017,"9202"
2284,"Lexus","RC",2017,"9206"
2285,"Lexus","RC",2017,"9212"
2286,"Lexus","RC",2017,"9216"
2287,"Lexus","RC F",2017,"9225"
2288,"Toyota","RAV4",2017,"4470"
2289,"Toyota","RAV4",2017,"4472"
2290,"Lexus","GS",2017,"9316"
2291,"Lexus","GS Hybrid",2017,"9345"
2292,"Toyota","RAV Hybrid",2017,"4456"
2293,"Toyota","Highlander",2017,"6942"
2294,"Toyota","Highlander",2017,"6946"
2295,"Toyota","Highlander",2017,"6947"
2296,"Toyota","Highlander",2017,"6948"
2297,"Toyota","Highlander",2017,"6949"
2298,"Toyota","Highlander",2017,"6950"
2299,"Toyota","Highlander",2017,"6951"
2300,"Toyota","Highlander",2017,"6952"
2301,"Toyota","Highlander",2017,"6953"
2302,"Toyota","Highlander",2017,"6954"
2303,"Toyota","Highlander",2017,"6955"
2304,"Toyota","Highlander",2017,"6956"
2305,"Toyota","Highlander",2017,"6957"
2306,"Toyota","Highlander Hybrid",2017,"6964"
2307,"Toyota","Highlander Hybrid",2017,"6965"
2308,"Toyota","Highlander Hybrid",2017,"6966"
2309,"Toyota","Highlander Hybrid",2017,"6967"
2310,"Toyota","Sequoia",2017,"7917"
2311,"Toyota","Sequoia",2017,"7919"
2312,"Toyota","Sequoia",2017,"7927"
2313,"Toyota","Sequoia",2017,"7929"
2314,"Toyota","Sequoia",2017,"7931"
2315,"Toyota","Sequoia",2017,"7933"
2316,"Toyota","Sequoia",2017,"7940"
2317,"Toyota","Sequoia",2017,"7942"
2318,"Toyota","Sequoia",2017,"7944"
2319,"Lexus","LS",2017,"9100"
2320,"Lexus","LS",2017,"9106"
2321,"Toyota","Prius C",2018,"1201"
2322,"Toyota","Prius C",2018,"1203"
2323,"Toyota","Prius C",2018,"1205"
2324,"Toyota","Prius C",2018,"1207"
2325,"Toyota","Tundra",2018,"8231"
2326,"Toyota","Tundra",2018,"8232"
2327,"Toyota","Tundra",2018,"8235"
2328,"Toyota","Tundra",2018,"8236"
2329,"Toyota","Tundra",2018,"8239"
2330,"Toyota","Tundra",2018,"8240"
2331,"Toyota","Tundra",2018,"8241"
2332,"Toyota","Tundra",2018,"8242"
2333,"Toyota","Tundra",2018,"8245"
2334,"Toyota","Tundra",2018,"8246"
2335,"Toyota","Tundra",2018,"8252"
2336,"Toyota","Tundra",2018,"8254"
2337,"Toyota","Tundra",2018,"8259"
2338,"Toyota","Tundra",2018,"8261"
2339,"Toyota","Tundra",2018,"8263"
2340,"Toyota","Tundra",2018,"8272"
2341,"Toyota","Tundra",2018,"8274"
2342,"Toyota","Tundra",2018,"8275"
2343,"Toyota","Tundra",2018,"8276"
2344,"Toyota","Tundra",2018,"8277"
2345,"Toyota","Tundra",2018,"8278"
2346,"Toyota","Tundra",2018,"8331"
2347,"Toyota","Tundra",2018,"8332"
2348,"Toyota","Tundra",2018,"8335"
2349,"Toyota","Tundra",2018,"8336"
2350,"Toyota","Tundra",2018,"8339"
2351,"Toyota","Tundra",2018,"8340"
2352,"Toyota","Tundra",2018,"8341"
2353,"Toyota","Tundra",2018,"8342"
2354,"Toyota","Tundra",2018,"8345"
2355,"Toyota","Tundra",2018,"8346"
2356,"Toyota","Tundra",2018,"8352"
2357,"Toyota","Tundra",2018,"8354"
2358,"Toyota","Tundra",2018,"8359"
2359,"Toyota","Tundra",2018,"8361"
2360,"Toyota","Tundra",2018,"8363"
2361,"Toyota","Tundra",2018,"8372"
2362,"Toyota","Tundra",2018,"8374"
2363,"Toyota","Tundra",2018,"8375"
2364,"Toyota","Tundra",2018,"8376"
2365,"Toyota","Tundra",2018,"8377"
2366,"Toyota","Tundra",2018,"8378"
2367,"Toyota","4Runner",2018,"8642"
2368,"Toyota","4Runner",2018,"8646"
2369,"Toyota","4Runner",2018,"8648"
2370,"Toyota","4Runner",2018,"8664"
2371,"Toyota","4Runner",2018,"8666"
2372,"Toyota","4Runner",2018,"8668"
2373,"Toyota","4Runner",2018,"8670"
2374,"Toyota","4Runner",2018,"8672"
2375,"Toyota","4Runner",2018,"8674"
2376,"Lexus","GS",2018,"9335"
2377,"Lexus","GS Hybrid",2018,"9340"
2378,"Lexus","GS Hybrid",2018,"9345"
2379,"Lexus","LS",2017,"9120"
2380,"Lexus","LS",2017,"9126"
2381,"Toyota","RAV Hybrid",2017,"4436"
2382,"Toyota","RAV4",2017,"4474"
2383,"Toyota","RAV4",2017,"4476"
2384,"Lexus","IS",2017,"9502"
2385,"Lexus","IS",2017,"9506"
2386,"Lexus","IS",2017,"9510"
2387,"Lexus","IS",2017,"9516"
2388,"Toyota","Prius Prime",2017,"1235"
2389,"Toyota","Prius Prime",2017,"1237"
2390,"Toyota","Prius Prime",2017,"1239"
2391,"Toyota","Prius C",2017,"1201"
2392,"Toyota","Prius C",2017,"1203"
2393,"Toyota","Prius C",2017,"1205"
2394,"Toyota","Prius C",2017,"1207"
2395,"Toyota","4Runner",2017,"8642"
2396,"Toyota","4Runner",2017,"8646"
2397,"Toyota","4Runner",2017,"8648"
2398,"Toyota","4Runner",2017,"8664"
2399,"Toyota","4Runner",2017,"8666"
2400,"Toyota","4Runner",2017,"8668"
2401,"Toyota","4Runner",2017,"8670"
2402,"Toyota","4Runner",2017,"8672"
2403,"Toyota","4Runner",2017,"8674"
2404,"Lexus","LC",2018,"9260"
2405,"Lexus","LCh",2018,"9264"
2406,"Toyota","Yaris",2018,"1421"
2407,"Toyota","Yaris",2018,"1422"
2408,"Toyota","Yaris",2018,"1424"
2409,"Toyota","Yaris",2018,"1462"
2410,"Toyota","Yaris",2018,"1463"
2411,"Toyota","Yaris",2018,"1464"
2412,"Toyota","Yaris",2018,"1466"
2413,"Toyota","Camry",2018,"2540"
2414,"Toyota","Camry",2018,"2548"
2415,"Toyota","Camry",2018,"2550"
2416,"Toyota","Camry",2018,"2554"
2417,"Toyota","Camry Hybrid",2018,"2559"
2418,"Toyota","Camry Hybrid",2018,"2560"
2419,"Toyota","Camry Hybrid",2018,"2561"
2420,"Toyota","Avalon Hybrid",2018,"3506"
2421,"Toyota","Avalon Hybrid",2018,"3508"
2422,"Toyota","Avalon Hybrid",2018,"3514"
2423,"Toyota","Avalon",2018,"3544"
2424,"Toyota","Avalon",2018,"3545"
2425,"Toyota","Avalon",2018,"3546"
2426,"Toyota","Avalon",2018,"3548"
2427,"Toyota","Avalon",2018,"3554"
2428,"Toyota","Sequoia",2018,"7917"
2429,"Toyota","Sequoia",2018,"7919"
2430,"Toyota","Sequoia",2018,"7927"
2431,"Toyota","Sequoia",2018,"7929"
2432,"Toyota","Sequoia",2018,"7931"
2433,"Toyota","Sequoia",2018,"7933"
2434,"Toyota","Sequoia",2018,"7940"
2435,"Toyota","Sequoia",2018,"7942"
2436,"Toyota","Sequoia",2018,"7944"
2437,"Toyota","RAV4",2018,"4445"
2438,"Toyota","RAV4",2018,"4446"
2439,"Toyota","Highlander",2018,"6942"
2440,"Toyota","Highlander",2018,"6946"
2441,"Toyota","Highlander",2018,"6947"
2442,"Toyota","Highlander",2018,"6948"
2443,"Toyota","Highlander",2018,"6949"
2444,"Toyota","Highlander",2018,"6950"
2445,"Toyota","Highlander",2018,"6951"
2446,"Toyota","Highlander",2018,"6952"
2447,"Toyota","Highlander",2018,"6953"
2448,"Toyota","Highlander",2018,"6954"
2449,"Toyota","Highlander",2018,"6955"
2450,"Toyota","Highlander",2018,"6956"
2451,"Toyota","Highlander",2018,"6957"
2452,"Toyota","Highlander Hybrid",2018,"6964"
2453,"Toyota","Highlander Hybrid",2018,"6965"
2454,"Toyota","Highlander Hybrid",2018,"6966"
2455,"Toyota","Highlander Hybrid",2018,"6967"
2456,"Toyota","Sequoia",2018,"7921"
2457,"Toyota","Sequoia",2018,"7922"
2458,"Toyota","Sequoia",2018,"7941"
2459,"Lexus","LS Hybrid",2018,"9140"
2460,"Toyota","RAV Hybrid",2017,"4444"
2461,"Toyota","RAV Hybrid",2017,"4454"
2462,"Lexus","GS",2017,"9300"
2463,"Lexus","GS",2017,"9301"
2464,"Lexus","GS",2017,"9306"
2465,"Lexus","GS",2017,"9313"
2466,"Lexus","GS",2017,"9314"
2467,"Toyota","Camry",2018,"2532"
2468,"Toyota","Camry",2018,"2546"
2469,"Toyota","C-HR",2018,"2404"
2470,"Toyota","C-HR",2018,"2406"
2471,"Toyota","iA",2018,"6262"
2472,"Toyota","iA",2018,"6263"
2473,"Toyota","iM",2018,"6272"
2474,"Toyota","iM",2018,"6273"
2475,"Lexus","ES",2018,"9040"
2476,"Lexus","GS",2018,"9300"
2477,"Lexus","GS",2018,"9301"
2478,"Lexus","GS",2018,"9306"
2479,"Lexus","GS",2018,"9313"
2480,"Lexus","GS",2018,"9314"
2481,"Lexus","GS",2018,"9316"
2482,"Toyota","Sienna",2018,"5302"
2483,"Toyota","Sienna",2018,"5328"
2484,"Toyota","Sienna",2018,"5335"
2485,"Toyota","Sienna",2018,"5337"
2486,"Toyota","Sienna",2018,"5338"
2487,"Toyota","Sienna",2018,"5342"
2488,"Toyota","Sienna",2018,"5343"
2489,"Toyota","Sienna",2018,"5345"
2490,"Toyota","Sienna",2018,"5348"
2491,"Toyota","Sienna",2018,"5349"
2492,"Toyota","Sienna",2018,"5356"
2493,"Toyota","Sienna",2018,"5357"
2494,"Toyota","Sienna",2018,"5366"
2495,"Toyota","Sienna",2018,"5376"
2496,"Toyota","Sienna",2018,"5377"
2497,"Toyota","Sienna",2018,"5386"
2498,"Toyota","Sienna",2018,"5387"
2499,"Toyota","Tacoma",2018,"7122"
2500,"Toyota","Tacoma",2018,"7126"
2501,"Toyota","Tacoma",2018,"7128"
2502,"Toyota","Tacoma",2018,"7146"
2503,"Toyota","Tacoma",2018,"7148"
2504,"Toyota","Tacoma",2018,"7150"
2505,"Toyota","Tacoma",2018,"7162"
2506,"Toyota","Tacoma",2018,"7164"
2507,"Toyota","Tacoma",2018,"7170"
2508,"Toyota","Tacoma",2018,"7172"
2509,"Toyota","Tacoma",2018,"7182"
2510,"Toyota","Tacoma",2018,"7185"
2511,"Toyota","Tacoma",2018,"7186"
2512,"Toyota","Tacoma",2018,"7514"
2513,"Toyota","Tacoma",2018,"7516"
2514,"Toyota","Tacoma",2018,"7540"
2515,"Toyota","Tacoma",2018,"7542"
2516,"Toyota","Tacoma",2018,"7543"
2517,"Toyota","Tacoma",2018,"7544"
2518,"Toyota","Tacoma",2018,"7545"
2519,"Toyota","Tacoma",2018,"7558"
2520,"Toyota","Tacoma",2018,"7559"
2521,"Toyota","Tacoma",2018,"7560"
2522,"Toyota","Tacoma",2018,"7562"
2523,"Toyota","Tacoma",2018,"7566"
2524,"Toyota","Tacoma",2018,"7568"
2525,"Toyota","Tacoma",2018,"7570"
2526,"Toyota","Tacoma",2018,"7582"
2527,"Toyota","Inactive",2018,"7593"
2528,"Toyota","Tacoma",2018,"7594"
2529,"Toyota","Tacoma",2018,"7597"
2530,"Toyota","Tacoma",2018,"7598"
2531,"Lexus","LS Hybrid",2018,"9146"
2532,"Toyota","Prius Liftback",2018,"1221"
2533,"Toyota","Prius Liftback",2018,"1223"
2534,"Toyota","Prius Liftback",2018,"1224"
2535,"Toyota","Prius Liftback",2018,"1225"
2536,"Toyota","Prius Liftback",2018,"1226"
2537,"Toyota","Prius Liftback",2018,"1227"
2538,"Toyota","Prius Liftback",2018,"1228"
2539,"Toyota","86",2018,"6252"
2540,"Toyota","86",2018,"6253"
2541,"Toyota","86",2018,"6254"
2542,"Toyota","86",2018,"6255"
2543,"Lexus","RC",2018,"9202"
2544,"Lexus","RC",2018,"9206"
2545,"Lexus","RC",2018,"9212"
2546,"Lexus","RC",2018,"9216"
2547,"Lexus","RC F",2018,"9225"
2548,"Lexus","RX",2018,"9420"
2549,"Lexus","RX",2018,"9422"
2550,"Lexus","RX",2018,"9424"
2551,"Lexus","RX",2018,"9426"
2552,"Lexus","RX Hybrid",2018,"9444"
2553,"Lexus","RX Hybrid",2018,"9446"
2554,"Lexus","LS",2018,"9120"
2555,"Lexus","LS",2018,"9126"
2556,"Toyota","Yaris LB",2019,"1422"
2557,"Toyota","Yaris LB",2019,"1464"
2558,"Toyota","Yaris LB",2019,"1466"
2559,"Toyota","C-HR",2019,"2404"
2560,"Toyota","Camry",2019,"2514"
2561,"Toyota","Camry",2019,"2532"
2562,"Toyota","Camry",2019,"2540"
2563,"Toyota","Camry",2019,"2546"
2564,"Toyota","Camry",2019,"2548"
2565,"Toyota","Camry",2019,"2550"
2566,"Toyota","Camry",2019,"2554"
2567,"Toyota","Camry Hybrid",2019,"2559"
2568,"Toyota","Camry Hybrid",2019,"2560"
2569,"Toyota","Camry Hybrid",2019,"2561"
2570,"Toyota","86",2019,"6251"
2571,"Toyota","Yaris Sedan",2019,"6262"
2572,"Toyota","Yaris Sedan",2019,"6263"
2573,"Toyota","Yaris Sedan",2019,"6266"
2574,"Toyota","Yaris Sedan",2019,"6267"
2575,"Toyota","Yaris Sedan",2019,"6271"
2576,"Toyota","Corolla Hatchback",2019,"6274"
2577,"Toyota","Corolla Hatchback",2019,"6275"
2578,"Toyota","Highlander",2019,"6942"
2579,"Toyota","Highlander",2019,"6946"
2580,"Toyota","Highlander",2019,"6947"
2581,"Toyota","Highlander",2019,"6948"
2582,"Toyota","Highlander",2019,"6949"
2583,"Toyota","Highlander",2019,"6950"
2584,"Toyota","Highlander",2019,"6951"
2585,"Toyota","Highlander",2019,"6952"
2586,"Toyota","Highlander",2019,"6953"
2587,"Toyota","Highlander",2019,"6954"
2588,"Toyota","Highlander",2019,"6955"
2589,"Toyota","Highlander",2019,"6956"
2590,"Toyota","Highlander",2019,"6957"
2591,"Toyota","Tundra",2019,"8239"
2592,"Toyota","Tundra",2019,"8240"
2593,"Toyota","Tundra",2019,"8241"
2594,"Toyota","Tundra",2019,"8242"
2595,"Toyota","Tundra",2019,"8245"
2596,"Toyota","Tundra",2019,"8246"
2597,"Toyota","Tundra",2019,"8252"
2598,"Toyota","Tundra",2019,"8259"
2599,"Toyota","Tundra",2019,"8261"
2600,"Toyota","Tundra",2019,"8272"
2601,"Toyota","Tundra",2019,"8275"
2602,"Toyota","Tundra",2019,"8276"
2603,"Toyota","Tundra",2019,"8331"
2604,"Toyota","Tundra",2019,"8339"
2605,"Toyota","Tundra",2019,"8340"
2606,"Toyota","Tundra",2019,"8341"
2607,"Toyota","Tundra",2019,"8342"
2608,"Toyota","Tundra",2019,"8345"
2609,"Toyota","Tundra",2019,"8346"
2610,"Toyota","Tundra",2019,"8352"
2611,"Toyota","Tundra",2019,"8359"
2612,"Toyota","Tundra",2019,"8361"
2613,"Toyota","Tundra",2019,"8363"
2614,"Toyota","Tundra",2019,"8371"
2615,"Lexus","LS",2018,"9122"
2616,"Lexus","LS",2018,"9128"
2617,"Toyota","Avalon",2019,"3544"
2618,"Toyota","Avalon",2019,"3548"
2619,"Toyota","Avalon",2019,"3554"
2620,"Toyota","Corolla",2019,"1832"
2621,"Toyota","Corolla",2019,"1852"
2622,"Toyota","Corolla",2019,"1856"
2623,"Toyota","Corolla",2019,"1863"
2624,"Toyota","Corolla",2019,"1864"
2625,"Toyota","Corolla",2019,"1866"
2626,"Toyota","Corolla",2019,"1872"
2627,"Toyota","Corolla",2019,"1874"
2628,"Toyota","86",2019,"6252"
2629,"Toyota","86",2019,"6253"
2630,"Toyota","Corolla Hatchback",2019,"6272"
2631,"Toyota","Corolla Hatchback",2019,"6273"
2632,"Toyota","Tundra",2019,"8372"
2633,"Toyota","Tundra",2019,"8375"
2634,"Toyota","Prius C",2019,"1201"
2635,"Toyota","Prius C",2019,"1205"
2636,"Toyota","Yaris Sedan",2019,"6268"
2637,"Toyota","Mirai",2019,"3000"
2638,"Toyota","RAV4",2019,"4430"
2639,"Toyota","RAV4",2019,"4432"
2640,"Toyota","RAV4",2019,"4440"
2641,"Toyota","RAV4",2019,"4442"
2642,"Toyota","RAV4",2019,"4446"
2643,"Toyota","RAV4",2019,"4450"
2644,"Toyota","RAV4",2019,"4452"
2645,"Toyota","RAV4",2019,"4477"
2646,"Toyota","RAV4",2019,"4478"
2647,"Toyota","RAV Hybrid",2018,"4435"
2648,"Lexus","RX L",2018,"9430"
2649,"Lexus","RX L",2018,"9432"
2650,"Lexus","RX L",2018,"9434"
2651,"Lexus","RX L",2018,"9436"
2652,"Lexus","LX",2018,"9625"
2653,"Toyota","C-HR",2019,"2402"
2654,"Toyota","C-HR",2019,"2408"
2655,"Lexus","RC F",2019,"9225"
2656,"Lexus","GS",2019,"9335"
2657,"Toyota","Prius Prime",2019,"1235"
2658,"Toyota","Prius Prime",2019,"1237"
2659,"Toyota","Prius Prime",2019,"1239"
2660,"Toyota","86",2018,"6256"
2661,"Toyota","86",2018,"6257"
2662,"Lexus","RX H L",2018,"9454"
2663,"Lexus","RX H L",2018,"9457"
2664,"Toyota","Avalon Hybrid",2019,"3514"
2665,"Toyota","Avalon Hybrid",2019,"3504"
2666,"Toyota","Avalon Hybrid",2019,"3507"
2667,"Toyota","Avalon",2019,"3547"
2668,"Toyota","Tacoma",2019,"7593"
2669,"Toyota","4Runner",2019,"8649"
2670,"Toyota","4Runner",2019,"8669"
2671,"Toyota","Sienna",2019,"5302"
2672,"Toyota","Prius Prime",2018,"1235"
2673,"Toyota","Prius Prime",2018,"1237"
2674,"Toyota","Prius Prime",2018,"1239"
2675,"Toyota","Mirai",2018,"3000"
2676,"Lexus","NX",2019,"9820"
2677,"Lexus","NX",2019,"9824"
2678,"Lexus","NX",2019,"9830"
2679,"Lexus","NX",2019,"9834"
2680,"Lexus","NX Hybrid",2019,"9844"
2681,"Toyota","Tundra",2019,"8376"
2682,"Toyota","4Runner",2019,"8642"
2683,"Toyota","4Runner",2019,"8646"
2684,"Toyota","4Runner",2019,"8648"
2685,"Toyota","4Runner",2019,"8664"
2686,"Toyota","4Runner",2019,"8666"
2687,"Toyota","4Runner",2019,"8668"
2688,"Toyota","4Runner",2019,"8670"
2689,"Toyota","4Runner",2019,"8672"
2690,"Toyota","4Runner",2019,"8674"
